mes_ref;dt_vcto;id_client;id_uc;grandezas;leitura_anterior;leitura_atual;const_medidor;consumo_kwh;qtd_enrg_tusd;prc_unit_tributos_tusd;tusd;pis_cofins_tusd;aliq_icms_tusd;icms_tusd;tarifa_unit_tusd;qtd_enrg_te;prc_unit_tributos_te;te;pis_cofins_te;aliq_icms_te;icms_te;tarifa_unit_te;qtd_enrg_compensada_tusd;prc_unit_tributos_compensada_tusd;compensada_tusd;pis_cofins_compensada_tusd;aliq_icms_compensada_tusd;icms_compensada_tusd;tarifa_unit_compensada_tusd;qtd_enrg_compensada_te;prc_unit_tributos_compensada_te;compensada_te;pis_cofins_compensada_te;aliq_icms_compensada_te;icms_compensada_te;tarifa_unit_compensada_te;multa;juros_mora;tx_2_emss_fat;dmic;pc_art113_ren414;cosip_cip;atualz_monetaria;rev_fat_atualiz;ren_1000;art_323;devol_pgto_fat_cancel;sem_corresp_saldo;cred_solu_rclm;cred_prox_fat;total;pis_cofins_total;icms_total;tipo
09/2022;2022-09-19;1;1;ENRG ATV;494,0;1760,0;1,0;1266,0;1266,0;0,51192;648,09;30,07;0,18;116,65;0,39603;1266,0;0,33668;426,24;19,78;0,18;76,72;0,26046;;;;;;;;;;;;;;;2,66;0,21;;;;82,04;;;;;;0,0;;;1159,24;49,85;193,37;valida
10/2022;2022-10-25;1;1;ENRG ATV;1760,0;3026,0;1,0;1266,0;1266,0;0,51051;646,31;28,61;0,18;116,33;0,39603;1266,0;0,33575;425,06;18,81;0,18;76,51;0,26046;;;;;;;;;;;;;;;21,48;5,64;;;;82,04;;;;;;0,0;;;1180,53;47,42;192,84;valida
11/2022;2022-12-19;1;1;ENRG ATV;3026,0;3026,0;1,0;0,0;30,0;0,50767;15,23;0,61;0,18;2,74;0,39603;30,0;0,33367;10,01;0,4;0,18;1,8;0,26046;;;;;;;;;;;;;;;21,42;3,51;;;;2,0;;;;;;-117,05;;64,88;0,0;1,01;4,54;valida
11/2022;2022-11-18;2;2;ENRG ATV;82631,0;90116,0;1,0;7485,0;7485,0;0,50817;3803,62;154,69;0,18;684,65;0,39603;7485,0;0,33421;2501,54;101,73;0,18;450,27;0,26046;;;;;;;;;;;;;;;;;;;;457,84;;;;;;0,0;;;6763,0;256,42;1134,92;valida
11/2022;2022-11-18;3;3;ENRG ATV;40564300,0;41205300,0;0,016;10256,0;10256,0;0,50817;5211,75;211,96;0,18;938,11;0,39603;10256,0;0,33421;3427,64;139,4;0,18;616,97;0,26046;;;;;;;;;;;;;;;;;;;;659,29;;;;;;0,0;;;9298,68;351,36;1555,08;valida
11/2022;2022-11-18;4;4;ENRG ATV;5661,0;18116,0;1,0;12455,0;12455,0;0,50817;6329,23;257,42;0,18;1139,26;0,39603;12455,0;0,33421;4162,57;169,29;0,18;749,26;0,26046;;;;;;;;;;;;;;;;;;;;659,29;;;;;;0,0;;;11151,09;426,71;1888,52;valida
12/2022;2022-12-19;4;4;ENRG ATV;18116,0;29425,0;1,0;11309,0;11309,0;0,50978;5765,06;248,65;0,18;1037,71;0,39603;11309,0;0,33527;3791,54;163,53;0,18;682,47;0,26046;;;;;;;;;;;;;;;209,83;34,48;;;;659,29;;;;;;0,0;;;10460,2;412,18;1720,18;valida
12/2022;2023-01-12;4;5;ENRG ATV INJ;6134,0;6296,0;40,0;6480,0;100,0;0,5096;50,96;2,19;0,18;9,17;0,39603;100,0;0,335;33,5;1,43;0,18;6,03;0,26046;;;;;;;;;;;;;;;;;;;;5,88;;;;;;0,0;;;90,34;3,62;15,2;valida
12/2022;2022-12-26;1;1;nan;;;;;8457,9;0,50978;4311,63;185,96;0,18;776,09;0,39603;8457,9;0,33527;2835,65;122,3;0,18;510,41;0,26046;;;;;;;;;;;;;;;;;;;;949,38;;;;0,0;;0,0;;;8096,66;881,45;3678,63;valida
12/2022;2023-01-04;2;6;ENRG ATV;8876,0;14109,0;1,0;5233,0;5233,0;0,50977;2667,64;115,05;0,18;480,17;0,39603;5233,0;0,33526;1754,43;75,66;0,18;315,79;0,26046;;;;;;;;;;;;;;;;;;;;381,54;;;;;;0,0;;;4803,61;190,71;795,96;valida
12/2022;2022-12-19;2;2;ENRG ATV;90116,0;96439,0;1,0;6323,0;6323,0;0,50977;3223,3;139,02;0,18;580,19;0,39603;6323,0;0,33527;2119,89;91,43;0,18;381,58;0,26046;;;;;;;;;;;;;;;126,1;20,72;;;;457,84;;;;;;0,0;;;5947,85;230,45;961,77;valida
12/2022;2023-01-17;5;7;ENRG ATV INJ;0,0;0,0;40,0;0,0;100,0;0,5096;50,96;2,19;0,18;9,17;0,39603;100,0;0,335;33,5;1,43;0,18;6,03;0,26046;;;;;;;;;;;;;;;;;;;;5,88;;;;;;0,0;;;90,34;3,62;15,2;valida
12/2022;2022-12-19;3;3;ENRG ATV;41205300,0;41773400,0;0,016;9089,6;9089,6;0,50977;4633,65;199,85;0,18;834,05;0,39603;9089,6;0,33527;3047,43;131,43;0,18;548,53;0,26046;;;;;;;;;;;;;;;172,78;28,39;;;;549,41;;;;;;0,0;;;8431,66;331,28;1382,58;valida
01/2023;2023-02-13;4;5;ENRG ATV INJ;6296,0;6431,0;40,0;5400,0;100,0;0,513;51,3;2,47;0,18;9,23;0,39603;100,0;0,3373;33,73;1,62;0,18;6,07;0,26046;;;;;;;;;;;;;;;;;;;;6,3;;;;;;0,0;;;91,33;4,09;15,3;valida
01/2023;2023-01-18;4;4;ENRG ATV;29425,0;40609,0;1,0;11184,0;11184,0;0,51319;5739,48;277,19;0,18;1033,1;0,39603;11184,0;0,33751;3774,74;182,31;0,18;679,45;0,26046;;;;;;;;;;;;;;;;;;;;688,67;;;;;;0,0;;;10202,89;459,5;1712,55;valida
01/2023;2023-02-27;6;8;ENRG ATV;7483,0;7651,0;40,0;6720,0;6720,0;0,51319;3448,62;166,55;0,18;620,75;0,39603;6720,0;0,33751;2268,07;109,53;0,18;408,25;0,26046;;;;;;;;;;;;;;;;;;;;318,35;;;;;;0,0;;;6035,04;276,08;1029,0;valida
01/2023;2023-02-22;1;1;ENRG ATV;27416,0;34252,0;1,0;6836,0;6836,0;0,51319;3508,15;169,43;0,18;631,46;0,39603;6836,0;0,33751;2307,21;111,42;0,18;415,29;0,26046;;;;;;;;;;;;;;;161,93;21,29;;;3322,42;478,24;;;;;;0,0;;;9799,24;280,85;1046,75;valida
01/2023;2023-01-30;6;9;ENRG ATV;37599751,0;37905952,0;0,016;4899,216;4899,216;0,51318;2514,2;121,42;0,18;452,55;0,39603;4899,216;0,33751;1653,52;79,85;0,18;297,63;0,26046;;;;;;;;;;;;;;;113,93;5,6;;;;324,26;;;;;;0,0;;;4611,51;201,27;750,18;valida
01/2023;2023-01-18;3;10;ENRG ATV;51931,0;52632,0;1,0;701,0;701,0;0,51314;359,71;17,36;0,18;64,74;0,39603;701,0;0,33748;236,57;11,41;0,18;42,58;0,26046;;;;;;;;;;;;;;;;;;;;52,1;;;;;;0,0;;;648,38;28,77;107,32;valida
01/2023;2023-02-27;6;11;ENRG ATV;13831,0;;1,0;430,0;430,0;0,51312;220,64;10,64;0,18;39,71;0,39603;430,0;0,33742;145,09;6,99;0,18;26,11;0,26046;;;;;;;;;;;;;;;;;;;;23,38;;;;;;0,0;;;389,11;17,63;65,82;valida
01/2023;2023-02-13;5;7;ENRG ATV INJ;0,0;0,0;40,0;0,0;100,0;0,513;51,3;2,47;0,18;9,23;0,39603;100,0;0,3373;33,73;1,62;0,18;6,07;0,26046;;;;;;;;;;;;;;;;;;;;6,3;;;;;;0,0;;;91,33;4,09;15,3;valida
01/2023;2023-01-18;2;2;ENRG ATV;96439,0;3244,0;1,0;6805,0;6805,0;0,51319;3492,24;168,66;0,18;628,6;0,39603;6805,0;0,33751;2296,76;110,92;0,18;413,41;0,26046;;;;;;;;;;;;;;;;;;;;478,24;;;;;;0,0;;;6267,24;279,58;1042,01;valida
01/2023;2023-02-06;2;6;ENRG ATV;14109,0;18705,0;1,0;4596,0;4596,0;0,51318;2358,59;113,9;0,18;424,54;0,39603;4596,0;0,33751;1551,19;74,91;0,18;279,21;0,26046;;;;;;;;;;;;;;;;;;;;332,11;;;;;;0,0;;;4241,89;188,81;703,75;valida
01/2023;2023-01-18;3;3;ENRG ATV;41773400,0;42308900,0;0,016;8568,0;8568,0;0,51319;4396,98;212,35;0,18;791,45;0,39603;8568,0;0,33751;2891,79;139,65;0,18;520,52;0,26046;;;;;;;;;;;;;;;;;;;;573,89;;;;;;0,0;;;7862,66;352,0;1311,97;valida
01/2023;2023-02-13;7;12;ENRG ATV;366,0;376,0;40,0;400,0;400,0;0,51313;205,25;9,9;0,18;36,94;0,39603;400,0;0,33745;134,98;6,51;0,18;24,29;0,26046;;;;;;;;;;;;;;;;;;;;23,38;;;;;;0,0;;;363,61;16,41;61,23;valida
02/2023;2023-02-22;2;2;ENRG ATV;3244,0;11556,0;1,0;8312,0;8312,0;0,51373;4270,15;209,73;0,18;768,62;0,39603;8312,0;0,33787;2808,39;137,94;0,18;505,51;0,26046;;;;;;;;;;;;;;;;;;;;573,89;;;;;;0,0;;;7652,43;347,67;1274,13;valida
02/2023;2023-03-13;4;5;ENRG ATV INJ;6431,0;6572,0;40,0;5640,0;40,0;0,51325;20,53;1,0;0,18;3,69;0,39603;40,0;0,337;13,48;0,65;0,18;2,42;0,26046;40,0;0,421;-16,84;-1,0;0,0;0,0;0,39603;40,0;0,337;-13,48;-0,65;0,18;-2,42;0,26046;;;;;;3,87;;;;;;85,13;;;92,69;4,17;19,01;valida
02/2023;2023-02-22;1;1;ENRG ATV;34252,0;43079,0;1,0;8827,0;8827,0;0,51373;4534,71;222,72;0,18;816,24;0,39603;8827,0;0,33787;2982,39;146,48;0,18;536,83;0,26046;;;;;;;;;;;;;;;;;;;3322,42;573,89;;;;;;0,0;;;11413,41;369,2;1353,07;valida
02/2023;2023-02-22;3;3;ENRG ATV;42308900,0;43015500,0;0,016;11305,6;11305,6;0,51373;5808,08;285,28;0,18;1045,45;0,39603;11305,6;0,33787;3819,82;187,61;0,18;687,56;0,26046;;;;;;;;;;;;;;;;;;;;688,67;;;;;;0,0;;;10316,57;472,89;1733,01;valida
02/2023;2023-03-06;2;6;ENRG ATV;18705,0;24192,0;1,0;5487,0;5487,0;0,51373;2818,85;138,45;0,18;507,39;0,39603;5487,0;0,33787;1853,89;91,05;0,18;333,7;0,26046;;;;;;;;;;;;;;;88,44;49,42;;;;402,34;27,42;;;;;0,0;;;5240,36;229,5;841,09;valida
02/2023;2023-03-13;5;7;ENRG ATV INJ;0,0;176,0;40,0;7040,0;40,0;0,51325;20,53;1,0;0,18;3,69;0,39603;40,0;0,337;13,48;0,65;0,18;2,42;0,26046;40,0;0,421;-16,84;-1,0;0,0;0,0;0,39603;40,0;0,337;-13,48;-0,65;0,18;-2,42;0,26046;;;;;;3,87;;;;;;85,13;;;92,69;4,17;19,01;valida
02/2023;2023-03-13;7;12;ENRG ATV;376,0;385,0;40,0;360,0;360,0;0,51369;184,93;9,08;0,18;33,28;0,39603;360,0;0,33778;121,6;5,96;0,18;21,88;0,26046;;;;;;;;;;;;;;;;;;;;23,38;;;;;;0,0;;;329,91;15,04;55,16;valida
02/2023;2023-02-22;3;10;ENRG ATV;52632,0;53200,0;1,0;568,0;568,0;0,51371;291,79;14,33;0,18;52,52;0,39603;568,0;0,33785;191,9;9,42;0,18;34,54;0,26046;;;;;;;;;;;;;;;;;;;;41,09;;;;;;0,0;;;524,78;23,75;87,06;valida
02/2023;2023-03-28;6;9;ENRG ATV;37905952,0;38229219,0;0,016;5172,272;5172,272;0,51373;2657,17;130,51;0,18;478,29;0,39603;5172,272;0,33787;1747,54;85,83;0,18;314,55;0,26046;;;;;;;;;;;;;;;;;;;;318,35;;;;;;0,0;;;4723,06;216,34;792,84;valida
02/2023;2023-03-27;6;11;ENRG ATV;;14628,0;1,0;367,0;367,0;0,51368;188,52;9,25;0,18;33,93;0,39603;367,0;0,33779;123,97;6,08;0,18;22,31;0,26046;;;;;;;;;;;;;;;;;;;;23,38;;;;;;0,0;;;335,87;15,33;56,24;valida
02/2023;2023-03-27;6;8;ENRG ATV;7651,0;7815,0;40,0;6560,0;6560,0;0,51373;3370,08;165,52;0,18;606,61;0,39603;6560,0;0,33787;2216,41;108,85;0,18;398,95;0,26046;;;;;;;;;;;;;;;;;;;;318,35;;;;;;0,0;;;5904,84;274,37;1005,56;valida
02/2023;2023-02-22;4;4;ENRG ATV;40609,0;54113,0;1,0;13504,0;13504,0;0,51373;6937,46;340,74;0,18;1248,74;0,39603;13504,0;0,33787;4562,62;224,1;0,18;821,27;0,26046;;;;;;;;;;;;;;;;;;;;688,67;;;;;;0,0;;;12188,75;564,84;2070,01;valida
03/2023;2023-10-23;1;1;ENRG ATV;43079,0;51866,0;1,0;8787,0;8787,0;0,51368;4513,7;221,33;0,18;812,46;0,39603;8787,0;0,33784;2968,56;145,56;0,18;534,34;0,26046;;;;;;;;;;;;;;;;;;;3322,42;573,89;;;;;-11612,73;0,0;;234,16;0,0;366,89;1346,8;valida
03/2023;2023-03-30;6;9;ENRG ATV;38229219,0;38518448,0;0,016;4627,664;4627,664;0,51368;2377,12;116,55;0,18;427,88;0,39603;4627,664;0,33783;1563,37;76,65;0,18;281,4;0,26046;;;;;;;;;;;;;;;;;;;;318,35;;;;;;0,0;;;4258,84;193,2;709,28;valida
03/2023;2023-05-24;3;10;ENRG ATV;53200,0;;1,0;635,0;635,0;0,51365;326,17;15,99;0,18;58,71;0,39603;635,0;0,33781;214,51;10,51;0,18;38,61;0,26046;260,0;0,396;-102,96;0,0;0,0;0,0;0,39603;260,0;0,26042;-67,71;0,0;0,0;0,0;0,26046;;;;;;52,1;;;;;-592,78;0,0;;170,67;0,0;26,5;97,32;valida
03/2023;2023-06-12;7;12;ENRG ATV INJ;0,0;165,0;40,0;6600,0;200,0;0,51355;102,71;5,03;0,18;18,48;0,39603;200,0;0,3378;67,56;3,31;0,18;12,16;0,26046;100,0;0,4211;-42,11;-2,51;0,0;0,0;0,39603;100,0;0,3375;-33,75;-1,64;0,18;-6,07;0,26046;;;;;;6,3;;;;;;0,0;;;100,71;4,19;24,57;valida
03/2023;2023-06-12;2;7;ENRG ATV INJ;176,0;375,0;40,0;7960,0;100,0;0,5135;51,35;2,51;0,18;9,24;0,39603;100,0;0,3375;33,75;1,64;0,18;6,07;0,26046;;;;;;;;;;;;;;;;;;;;3,87;;;;;-88,97;0,0;;;0,0;4,15;15,31;valida
03/2023;2023-05-24;3;3;ENRG ATV;43015500,0;43714300,0;0,016;11180,8;11180,8;0,51368;5743,35;281,62;0,18;1033,8;0,39603;11180,8;0,33784;3777,28;185,22;0,18;679,91;0,26046;3120,0;0,39603;-1235,61;0,0;0,0;0,0;0,39603;3120,0;0,26046;-812,63;0,0;0,0;0,0;0,26046;;;;;;688,67;;;;;-10209,3;0,0;;2048,24;0,0;466,84;1713,71;valida
03/2023;2023-04-12;4;5;ENRG ATV INJ;6572,0;6717,0;40,0;5800,0;40,0;0,51325;20,53;1,0;0,18;3,69;0,39603;40,0;0,337;13,48;0,65;0,18;2,42;0,26046;40,0;0,421;-16,84;-1,0;0,0;0,0;0,39603;40,0;0,337;-13,48;-0,65;0,18;-2,42;0,26046;3,38;1,75;;;;5,1;0,9;;;;;85,12;;;99,94;4,16;19,01;valida
03/2023;2023-04-26;6;11;ENRG ATV;14628,0;15107,0;1,0;479,0;479,0;0,51361;246,02;12,05;0,18;44,28;0,39603;479,0;0,33779;161,8;7,92;0,18;29,12;0,26046;;;;;;;;;;;;;;;;;;;;23,38;;;;;;0,0;;;431,2;19,97;73,4;valida
03/2023;2023-04-26;6;8;ENRG ATV;7815,0;8017,0;40,0;8080,0;8080,0;0,51368;4150,52;203,51;0,18;747,09;0,39603;8080,0;0,33783;2729,7;133,85;0,18;491,34;0,26046;;;;;;;;;;;;;;;;;;;;318,35;;;;;;0,0;;;7198,57;337,36;1238,43;valida
03/2023;2023-05-18;2;2;ENRG ATV;11556,0;20302,0;1,0;8746,0;8746,0;0,51368;4492,63;220,29;0,18;808,67;0,39603;8746,0;0,33783;2954,7;144,88;0,18;531,84;0,26046;;;;;;;;;;;;;;;;;;;;573,89;;;;;-8021,22;0,0;;;0,0;365,17;1340,51;valida
03/2023;2023-03-20;4;4;ENRG ATV;54113,0;67416,0;1,0;13303,0;13303,0;0,51368;6833,47;335,07;0,18;1230,02;0,39603;13303,0;0,33783;4494,21;220,37;0,18;808,95;0,26046;5600,0;0,42121;-2358,8;-141,04;0,0;0,0;0,39603;5600,0;0,33783;-1891,86;-92,76;0,18;-340,53;0,26046;230,0;3,78;;;;688,67;60,95;;;;;0,0;;;8060,42;321,64;1698,44;valida
03/2023;2023-05-24;1;1;ENRG ATV;43079,0;51866,0;1,0;8787,0;8787,0;0,51368;4513,7;221,33;0,18;812,46;0,39603;8787,0;0,33784;2968,56;145,56;0,18;534,34;0,26046;3120,0;0,39603;-1235,61;0,0;0,0;0,0;0,39603;3120,0;0,26046;-812,63;0,0;0,0;0,0;0,26046;182,74;2,99;;;3322,42;573,89;48,43;;;;-11612,73;0,0;;2048,24;0,0;366,89;1346,8;invalida
04/2023;2023-05-18;4;4;ENRG ATV;67416,0;82370,0;1,0;14954,0;14954,0;0,51346;7678,3;373,98;0,18;1382,09;0,39603;14954,0;0,33769;5049,84;245,96;0,18;908,97;0,26046;10840,0;0,42104;-4564,05;-271,09;0,0;0,0;0,39603;10840,0;0,33769;-3660,57;-178,29;0,18;-658,9;0,26046;;;;;;688,67;;;;;-14677,04;0,0;;9484,85;0,0;170,56;1632,16;valida
04/2023;2023-10-23;3;3;ENRG ATV;43714300,0;44470100,0;0,016;12092,8;12092,8;0,51346;6209,19;302,43;0,18;1117,65;0,39603;12092,8;0,33769;4083,64;198,9;0,18;735,05;0,26046;3120,0;0,39603;-1235,61;0,0;0,0;0,0;0,39603;3120,0;0,26046;-812,63;0,0;0,0;0,0;0,26046;;;;;;688,67;;;;;-12000,61;0,0;;3067,35;0,0;501,33;1852,7;valida
04/2023;2023-05-26;6;8;ENRG ATV INJ;0,0;1,0;40,0;40,0;7600,0;0,51346;3902,29;190,06;0,18;702,41;0,39603;7600,0;0,33769;2566,43;124,99;0,18;461,95;0,26046;40,0;0,42075;-16,83;-0,99;0,0;0,0;0,39603;40,0;0,33675;-13,47;-0,64;0,18;-2,42;0,26046;;;;;;318,35;;;;;;-494,64;;;6262,13;313,42;1161,94;valida
04/2023;2023-05-26;6;11;ENRG ATV;15107,0;15554,0;1,0;447,0;447,0;0,51342;229,5;11,17;0,18;41,31;0,39603;447,0;0,33763;150,92;7,34;0,18;27,16;0,26046;;;;;;;;;;;;;;;;;;;;23,38;;;;;;-27,66;;;376,14;18,51;68,47;valida
04/2023;2023-05-30;6;9;ENRG ATV;38518448,0;38804970,0;0,016;4584,352;4584,352;0,51346;2353,89;114,65;0,18;423,7;0,39603;4584,352;0,42196;1934,42;94,21;0,18;348,19;0,32546;;;;;;;;;;;;;;;;;;;;318,35;;;;;;0,0;;;4606,66;208,86;771,89;valida
04/2023;2023-05-24;3;10;ENRG ATV;;54552,0;1,0;717,0;717,0;0,51343;368,13;17,92;0,18;66,26;0,39603;717,0;0,33764;242,09;11,78;0,18;43,57;0,26046;292,0;0,39603;-115,64;0,0;0,0;0,0;0,39603;292,0;0,26045;-76,05;0,0;0,0;0,0;0,26046;;;;;;52,1;;;;;-722,75;0,0;;252,12;0,0;29,7;109,83;valida
04/2023;2023-06-12;7;12;ENRG ATV INJ;165,0;348,0;40,0;7320,0;120,0;0,51325;61,59;2,99;0,18;11,08;0,39603;120,0;0,33758;40,51;1,97;0,18;7,29;0,26046;20,0;0,4205;-8,41;-0,49;0,0;0,0;0,39603;20,0;0,3355;-6,71;-0,31;0,18;-1,2;0,26046;;;;;;6,3;;;;;;0,0;;;93,28;4,16;17,17;valida
04/2023;2023-05-24;3;3;ENRG ATV;43714300,0;44470100,0;0,016;12092,8;12092,8;0,51346;6209,19;302,43;0,18;1117,65;0,39603;12092,8;0,33769;4083,64;198,9;0,18;735,05;0,26046;3504,0;0,39603;-1387,68;0,0;0,0;0,0;0,39603;3504,0;0,26046;-912,65;0,0;0,0;0,0;0,26046;;;;;;688,67;;;;;-12000,61;0,0;;3319,44;0,0;501,33;1852,7;invalida
04/2023;2023-06-19;2;2;ENRG ATV;20302,0;29662,0;1,0;9360,0;9360,0;0,51346;4806,0;234,08;0,18;865,08;0,39603;9360,0;0,33769;3160,79;153,95;0,18;568,94;0,26046;9310,0;0,42104;-3919,86;-232,83;0,0;0,0;0,39603;9310,0;0,33769;-3143,9;-153,12;0,18;-565,9;0,26046;;;;;;573,89;;;;;-5961,83;0,0;;4484,91;0,0;2,08;868,12;valida
04/2023;2023-06-07;2;6;ENRG ATV;29837,0;35345,0;1,0;5508,0;5508,0;0,51346;2828,14;137,75;0,18;509,06;0,39603;5508,0;0,33769;1859,98;90,58;0,18;334,79;0,26046;5478,0;0,42104;-2306,44;-136,99;0,0;0,0;0,39603;5478,0;0,33769;-1849,85;-90,09;0,18;-332,97;0,26046;;;2,45;;;398,53;;;;;;0,0;;;932,81;1,25;510,88;valida
04/2023;2023-10-23;1;1;ENRG ATV;51866,0;62172,0;1,0;10306,0;10306,0;0,51346;5291,73;257,74;0,18;952,51;0,39603;10306,0;0,33769;3480,25;169,51;0,18;626,44;0,26046;3120,0;0,39603;-1235,61;0,0;0,0;0,0;0,39603;3120,0;0,26046;-812,63;0,0;0,0;0,0;0,26046;;;;;3322,41;688,67;;;;;-10980,07;0,0;;245,25;0,0;427,25;1578,95;valida
04/2023;2023-05-12;4;5;ENRG ATV INJ;6717,0;6844,0;40,0;5080,0;100,0;0,5132;51,32;2,49;0,18;9,23;0,39603;100,0;0,3375;33,75;1,64;0,18;6,07;0,26046;;;;;;;;;;;;;;;1,77;0,34;;;;4,06;0,63;;;;;-3,01;;;88,86;4,13;15,3;valida
04/2023;2023-06-12;2;7;ENRG ATV INJ;375,0;635,0;40,0;10400,0;100,0;0,5132;51,32;2,49;0,18;9,23;0,39603;100,0;0,3375;33,75;1,64;0,18;6,07;0,26046;;;;;;;;;;;;;;;;;;;;3,87;;;;;-88,94;0,0;;;0,0;4,13;15,3;valida
04/2023;2023-05-24;1;1;ENRG ATV;51866,0;62172,0;1,0;10306,0;10306,0;0,51346;5291,73;257,74;0,18;952,51;0,39603;10306,0;0,33769;3480,25;169,51;0,18;626,44;0,26046;3504,0;0,39603;-1387,68;0,0;0,0;0,0;0,39603;3504,0;0,26046;-912,65;0,0;0,0;0,0;0,26046;216,78;171,05;;;3322,41;694,4;168,66;;;;-13651,59;-64,88;;2671,52;0,0;427,25;1578,95;invalida
05/2023;2023-07-24;3;10;ENRG ATV;54552,0;55976,0;1,0;1424,0;1424,0;0,51399;731,92;36,24;0,18;131,74;0,39603;1424,0;0,33803;481,36;23,83;0,18;86,64;0,26046;267,2;0,396;-105,81;0,0;0,0;0,0;0,39603;267,2;0,26044;-69,59;0,0;0,0;0,0;0,26046;;;;;;108,41;;;;-457,31;-886,52;0,0;;197,54;0,0;60,07;218,38;valida
05/2023;2023-07-24;1;1;ENRG ATV;62172,0;71402,0;1,0;9230,0;9230,0;0,51401;4744,28;234,96;0,18;853,97;0,39603;9230,0;0,33805;3120,2;154,53;0,18;561,63;0,26046;3206,4;0,39603;-1269,83;0,0;0,0;0,0;0,39603;3206,4;0,26046;-835,13;0,0;0,0;0,0;0,26046;;;;;;573,89;;;;-4819,08;-4719,76;0,0;;3205,43;0,0;389,49;1415,6;invalida
05/2023;2023-07-24;3;3;ENRG ATV;44470100,0;45004100,0;0,016;8544,0;8544,0;0,51401;4391,68;217,5;0,18;790,5;0,39603;8544,0;0,33805;2888,3;143,04;0,18;519,89;0,26046;3206,4;0,39603;-1269,83;0,0;0,0;0,0;0,39603;3206,4;0,26046;-835,13;0,0;0,0;0,0;0,26046;;;;;;573,89;;;;-5801,8;-5367,68;0,0;;5420,57;0,0;360,54;1310,39;invalida
05/2023;2023-06-02;6;9;ENRG ATV;38804970,0;39134727,0;0,016;5276,112;5276,112;0,51401;2711,95;134,31;0,18;488,15;0,39603;5276,112;0,33805;1783,58;88,33;0,18;321,04;0,26046;;;;;;;;;;;;;;;;;;;;318,35;;;;;;0,0;;;4813,88;222,64;809,19;valida
05/2023;2023-05-18;4;4;ENRG ATV;82370,0;94160,0;1,0;11790,0;11790,0;0,51401;6060,14;300,13;0,18;1090,82;0,39603;11790,0;0,33805;3985,62;197,39;0,18;717,41;0,26046;5760,0;0,42148;-2427,75;-146,62;0,0;0,0;0,39603;5760,0;0,33805;-1947,15;-96,43;0,18;-350,48;0,26046;;;;;;688,67;;;;-9590,87;-9484,85;0,0;;12716,19;0,0;254,47;1457,75;valida
05/2023;2023-06-26;6;8;ENRG ATV INJ;1,0;1,0;40,0;0,0;4720,0;0,514;2426,1;120,15;0,18;436,69;0,39603;4720,0;0,33805;1595,59;79,02;0,18;287,2;0,26046;;;;;;;;;;;;;;;;;;;;318,35;;;;;;0,0;;;4340,04;199,17;723,89;valida
05/2023;2023-06-26;6;11;ENRG ATV;15554,0;15949,0;1,0;395,0;395,0;0,51395;203,01;10,04;0,18;36,54;0,39603;395,0;0,33803;133,52;6,61;0,18;24,03;0,26046;;;;;;;;;;;;;;;;;;;;23,38;;;;;;0,0;;;359,91;16,65;60,57;valida
05/2023;2023-10-23;3;3;ENRG ATV;44470100,0;45004100,0;0,016;8544,0;8544,0;0,51401;4391,68;217,5;0,18;790,5;0,39603;8544,0;0,33805;2888,3;143,04;0,18;519,89;0,26046;3504,0;0,39603;-1387,68;0,0;0,0;0,0;0,39603;3504,0;0,26046;-912,65;0,0;0,0;0,0;0,26046;;;;;;573,89;;;;-4258,93;-6930,09;0,0;;5635,48;0,0;360,54;1310,39;valida
05/2023;2023-10-23;1;1;ENRG ATV;62172,0;71402,0;1,0;9230,0;9230,0;0,51401;4744,28;234,96;0,18;853,97;0,39603;9230,0;0,33805;3120,2;154,53;0,18;561,63;0,26046;3504,0;0,39603;-1387,68;0,0;0,0;0,0;0,39603;3504,0;0,26046;-912,65;0,0;0,0;0,0;0,26046;399,52;174,04;;;;579,62;217,09;;;-9414,17;-8829,26;-64,88;;11373,89;0,0;389,49;1415,6;valida
05/2023;2023-06-07;2;6;ENRG ATV;35345,0;40257,0;1,0;4912,0;4912,0;0,514;2524,78;125,03;0,18;454,46;0,39603;4912,0;0,33805;1660,48;82,23;0,18;298,88;0,26046;2416,8;0,42148;-1018,64;-61,52;0,0;0,0;0,39603;2416,8;0,33804;-816,97;-40,45;0,18;-147,05;0,26046;;;2,45;;;332,11;;;;;;0,0;;;2684,21;105,29;606,29;valida
05/2023;2023-06-19;2;2;ENRG ATV;29662,0;37172,0;1,0;7510,0;7510,0;0,51401;3860,19;191,18;0,18;694,83;0,39603;7510,0;0,33805;2538,75;125,73;0,18;456,97;0,26046;1155,2;0,42147;-486,88;-29,39;0,0;0,0;0,39603;1155,2;0,33804;-390,5;-19,33;0,18;-70,29;0,26046;;;;;;478,24;;;;-1571,41;-5999,76;0,0;;1571,37;0,0;268,19;1081,51;valida
05/2023;2023-06-12;2;7;ENRG ATV INJ;635,0;888,0;40,0;10120,0;100,0;0,5139;51,39;2,54;0,18;9,25;0,39603;100,0;0,3378;33,78;1,66;0,18;6,08;0,26046;;;;;;;;;;;;;;;;;;;;3,87;;;;-0,02;-3,71;0,0;;;85,31;4,2;15,33;valida
05/2023;2023-07-14;7;12;ENRG ATV INJ;348,0;515,0;40,0;6680,0;100,0;0,5139;51,39;2,54;0,18;9,25;0,39603;100,0;0,3378;33,78;1,66;0,18;6,08;0,26046;;;;;;;;;;;;;;;;;;;;3,87;;;;;-89,04;0,0;;;0,0;4,2;15,33;valida
05/2023;2023-06-12;4;5;ENRG ATV INJ;6844,0;6949,0;40,0;4200,0;100,0;0,5139;51,39;2,54;0,18;9,25;0,39603;100,0;0,3378;33,78;1,66;0,18;6,08;0,26046;;;;;;;;;;;;;;;;;;;;3,87;;;;;;0,0;;;89,04;4,2;15,33;valida
06/2023;2023-10-23;1;1;ENRG ATV;71402,0;81297,0;1,0;9895,0;50,0;0,5128;25,64;1,23;0,18;4,61;0,39603;50,0;0,337;16,85;0,8;0,18;3,03;0,26046;20,0;0,396;-7,92;0,0;0,0;0,0;0,39603;20,0;0,26;-5,2;0,0;0,0;0,0;0,26046;;;;;;2,08;;;;-45,08;;0,0;;13,63;0,0;2,03;7,64;valida
06/2023;2023-07-12;4;5;ENRG ATV INJ;6949,0;7046,0;40,0;3880,0;100,0;0,5129;51,29;2,46;0,18;9,23;0,39603;100,0;0,3373;33,73;1,62;0,18;6,07;0,26046;;;;;;;;;;;;;;;;;;;;3,87;;;;;;0,0;;;88,89;4,08;15,3;valida
06/2023;2023-07-14;7;12;ENRG ATV INJ;515,0;682,0;40,0;6680,0;120,0;0,51275;61,53;2,94;0,18;11,07;0,39603;120,0;0,33717;40,46;1,93;0,18;7,28;0,26046;20,0;0,42;-8,4;-0,48;0,0;0,0;0,39603;20,0;0,3355;-6,71;-0,31;0,18;-1,2;0,26046;;;;;;6,3;;;;;;0,0;;;93,18;4,08;17,15;valida
06/2023;2023-07-24;3;10;ENRG ATV;55976,0;57621,0;1,0;1645,0;1645,0;0,51301;843,9;40,54;0,18;151,9;0,39603;1645,0;0,33739;555,01;26,66;0,18;99,9;0,26046;266,4;0,39602;-105,5;0,0;0,0;0,0;0,39603;266,4;0,26044;-69,38;0,0;0,0;0,0;0,26046;;;;;;134,51;;;;;-1365,12;0,0;;6,58;0,0;67,2;251,8;valida
06/2023;2023-07-04;6;9;ENRG ATV;39134727,0;39475500,0;0,016;5452,368;5452,368;0,51302;2797,19;134,4;0,18;503,49;0,39603;5452,368;0,3374;1839,63;88,38;0,18;331,13;0,26046;;;;;;;;;;;;;;;;;;;;318,35;;;;;;0,0;;;4955,17;222,78;834,62;valida
06/2023;2023-07-26;6;11;ENRG ATV;15949,0;16286,0;1,0;337,0;337,0;0,51294;172,86;8,29;0,18;31,11;0,39603;337,0;0,33733;113,68;5,45;0,18;20,46;0,26046;;;;;;;;;;;;;;;;;;;;23,38;;;;;;0,0;;;309,92;13,74;51,57;valida
06/2023;2023-07-26;6;8;ENRG ATV INJ;1,0;1,0;40,0;0,0;5840,0;0,51302;2996,06;143,96;0,18;539,29;0,39603;5840,0;0,3374;1970,42;94,67;0,18;354,67;0,26046;;;;;;;;;;;;;;;;;;;;318,35;;;;;;0,0;;;5284,83;238,63;893,96;valida
06/2023;2023-06-19;4;4;ENRG ATV;94160,0;7461,0;1,0;13301,0;13301,0;0,51303;6823,75;327,89;0,18;1228,27;0,39603;13301,0;0,3374;4487,81;215,64;0,18;807,8;0,26046;4200,0;0,42068;-1766,85;-103,53;0,0;0,0;0,39603;4200,0;0,3374;-1417,09;-68,09;0,18;-255,07;0,26046;;;;;;688,67;;;;-9609,93;-3125,32;0,0;;3918,96;0,0;371,91;1781,0;valida
06/2023;2023-07-04;2;6;ENRG ATV;40257,0;44775,0;1,0;4518,0;4518,0;0,51302;2317,84;111,37;0,18;417,21;0,39603;4518,0;0,3374;1524,37;73,24;0,18;274,38;0,26046;4351,6;0,42068;-1830,63;-107,27;0,0;0,0;0,39603;4351,6;0,3374;-1468,24;-70,55;0,18;-264,28;0,26046;;;2,45;;;332,11;;;;;;-955,56;;77,66;0,0;6,79;427,31;valida
06/2023;2023-06-20;2;2;ENRG ATV;37172,0;45460,0;1,0;8288,0;8288,0;0,51302;4251,93;204,3;0,18;765,34;0,39603;8288,0;0,3374;2796,4;134,36;0,18;503,35;0,26046;5768,4;0,42068;-2426,64;-142,19;0,0;0,0;0,39603;5768,4;0,3374;-1946,26;-93,51;0,18;-350,32;0,26046;;;;;;573,89;;;;-1619,04;-7814,62;0,0;;6184,34;0,0;102,96;918,37;valida
06/2023;2023-07-12;2;7;ENRG ATV INJ;888,0;1115,0;40,0;9080,0;100,0;0,5129;51,29;2,46;0,18;9,23;0,39603;100,0;0,3373;33,73;1,62;0,18;6,07;0,26046;;;;;;;;;;;;;;;;;;;;3,87;;;;;;0,0;-5,64;;83,25;4,08;15,3;valida
06/2023;2023-07-24;3;3;ENRG ATV;45004100,0;45617200,0;0,016;9809,6;9809,6;0,51302;5032,57;241,82;0,18;905,86;0,39603;9809,6;0,3374;3309,79;159,03;0,18;595,76;0,26046;3196,8;0,39603;-1266,02;0,0;0,0;0,0;0,39603;3196,8;0,26046;-832,63;0,0;0,0;0,0;0,26046;;;;;;573,89;;;;-3022,95;-3862,74;0,0;;68,09;0,0;400,85;1501,62;valida
06/2023;2023-07-24;1;1;ENRG ATV;71402,0;81297,0;1,0;9895,0;9895,0;0,51302;5076,37;243,92;0,18;913,74;0,39603;9895,0;0,3374;3338,62;160,42;0,18;600,95;0,26046;3196,8;0,39603;-1266,02;0,0;0,0;0,0;0,39603;3196,8;0,26046;-832,63;0,0;0,0;0,0;0,26046;;;;;;573,89;;;;-2048,24;-5678,33;0,0;;836,34;0,0;404,34;1514,69;invalida
07/2023;2023-08-23;2;6;ENRG ATV;44775,0;49524,0;1,0;4749,0;4749,0;0,49639;2357,37;117,32;0,18;424,32;0,38234;4749,0;0,35142;1668,9;83,05;0,18;300,4;0,27068;3904,4;0,40704;-1589,25;-96,46;0,0;0,0;0,38234;3904,4;0,35142;-1372,09;-68,29;0,18;-246,97;0,27068;72,33;35,65;2,45;;;332,11;8,32;;;;;-2739,07;;1223,28;0,0;35,62;477,75;valida
07/2023;2023-07-24;3;10;ENRG ATV;57621,0;58192,0;1,0;571,0;571,0;0,51159;292,12;14,53;0,18;52,58;0,39408;571,0;0,33998;194,13;9,65;0,18;34,94;0,26191;;;;;;;;;;;;;;;;;;;;41,09;;;;;-6,58;0,0;;;520,76;24,18;87,52;valida
07/2023;2023-08-14;2;7;ENRG ATV INJ;1115,0;1328,0;40,0;8520,0;100,0;0,4847;48,47;2,4;0,18;8,72;0,37364;100,0;0,3595;35,95;1,78;0,18;6,47;0,27718;;;;;;;;;;;;;;;1,62;0,55;;;;4,22;0,19;;;;;0,0;;;91,0;4,18;15,19;valida
07/2023;2023-07-24;2;2;ENRG ATV;45460,0;52214,0;1,0;6754,0;6754,0;0,51164;3455,6;171,99;0,18;622,0;0,39408;6754,0;0,34004;2296,62;114,3;0,18;413,39;0,26191;5175,6;0,41954;-2171,39;-131,8;0,0;0,0;0,39408;5175,6;0,34004;-1759,9;-87,59;0,18;-316,78;0,26191;;;;;;478,24;;;;-86,08;-4565,3;0,0;;2352,21;0,0;66,9;718,61;valida
07/2023;2023-08-14;7;12;ENRG ATV INJ;682,0;844,0;40,0;6480,0;120,0;0,48492;58,19;2,89;0,18;10,47;0,37364;120,0;0,35975;43,17;2,14;0,18;7,77;0,27718;20,0;0,3965;-7,93;-0,47;0,0;0,0;0,37364;20,0;0,359;-7,18;-0,35;0,18;-1,29;0,27718;1,86;0,39;;;;6,3;;;;;;0,0;;;94,8;4,21;16,95;valida
07/2023;2023-08-28;6;11;ENRG ATV;16286,0;16588,0;1,0;302,0;302,0;0,485;146,47;7,28;0,18;26,36;0,37364;302,0;0,35977;108,65;5,4;0,18;19,55;0,27718;;;;;;;;;;;;;;;;;;;;23,38;;;;;;0,0;;;278,5;12,68;45,91;valida
07/2023;2023-07-24;4;4;ENRG ATV;7461,0;18987,0;1,0;11526,0;11526,0;0,51164;5897,14;293,51;0,18;1061,48;0,39408;11526,0;0,34004;3919,3;195,07;0,18;705,47;0,26191;3880,0;0,41954;-1627,82;-98,8;0,0;0,0;0,39408;3880,0;0,34004;-1319,34;-65,66;0,18;-237,48;0,26191;;;;;;688,67;;;;-3812,94;;0,0;-1460,28;;2284,73;324,12;1529,47;valida
07/2023;2023-10-23;3;3;ENRG ATV;45617200,0;46153000,0;0,016;8572,8;8572,8;0,51164;4386,18;218,31;0,18;789,51;0,39408;8572,8;0,34004;2915,08;145,08;0,18;524,71;0,26191;6403,2;0,39408;-2523,36;0,0;0,0;0,0;0,39408;6403,2;0,26191;-1677,05;0,0;0,0;0,0;0,26191;;;;;;573,89;;;;;-7807,06;0,0;;4132,32;0,0;363,39;1314,22;valida
07/2023;2023-10-23;1;1;ENRG ATV;81297,0;89606,0;1,0;8309,0;8309,0;0,51164;4251,21;211,59;0,18;765,21;0,39408;8309,0;0,34004;2825,39;140,62;0,18;508,57;0,26191;6383,2;0,39408;-2515,48;0,0;0,0;0,0;0,39408;6383,2;0,26191;-1671,81;0,0;0,0;0,0;0,26191;;;;;;573,89;;;;;-6814,15;0,0;;3350,95;0,0;352,21;1273,78;valida
07/2023;2023-08-30;6;9;ENRG ATV;39475500,0;39857300,0;0,016;6108,8;6108,8;0,48929;2989,0;148,77;0,18;538,02;0,37687;6108,8;0,35673;2179,2;108,45;0,18;392,25;0,27477;;;;;;;;;;;;;;;;;;;;318,35;;;;;;0,0;;;5486,55;257,22;930,27;valida
07/2023;2023-07-24;3;3;ENRG ATV;45617200,0;46153000,0;0,016;8572,8;8572,8;0,51164;4386,18;218,31;0,18;789,51;0,39408;8572,8;0,34004;2915,08;145,08;0,18;524,71;0,26191;;;;;;;;;;;;;;;;;;;;573,89;;;;-68,09;;0,0;;;7807,06;363,39;1314,22;invalida
07/2023;2023-07-24;1;1;ENRG ATV;81297,0;89606,0;1,0;8309,0;8309,0;0,51164;4251,21;211,59;0,18;765,21;0,39408;8309,0;0,34004;2825,39;140,62;0,18;508,57;0,26191;;;;;;;;;;;;;;;;;;;;573,89;;;;-836,34;;0,0;;;6814,15;352,21;1273,78;invalida
07/2023;2023-08-28;6;8;ENRG ATV INJ;1,0;1,0;40,0;0,0;5960,0;0,4851;2891,2;143,9;0,18;520,41;0,37364;5960,0;0,35986;2144,79;106,75;0,18;386,06;0,27718;;;;;;;;;;;;;;;;;;;;318,35;;;;;;0,0;;;5354,34;250,65;906,47;valida
07/2023;2023-08-28;4;5;ENRG ATV INJ;7046,0;7136,0;40,0;3600,0;100,0;0,4847;48,47;2,4;0,18;8,72;0,37364;100,0;0,3595;35,95;1,78;0,18;6,47;0,27718;;;;;;;;;;;;;;;3,39;1,69;;;;4,57;0,4;;;;;0,0;;;94,47;4,18;15,19;valida
08/2023;2023-09-26;4;5;ENRG ATV INJ;7136,0;7232,0;40,0;3840,0;100,0;0,4692;46,92;1,8;0,18;8,44;0,36683;100,0;0,3609;36,09;1,38;0,18;6,49;0,28227;;;;;;;;;;;;;;;;;;;;3,87;;;;;;0,0;;;86,88;3,18;14,93;valida
08/2023;2023-09-26;6;11;ENRG ATV;16588,0;16958,0;1,0;370,0;370,0;0,46941;173,68;6,7;0,18;31,26;0,36683;370,0;0,36119;133,64;5,16;0,18;24,05;0,28227;;;;;;;;;;;;;;;;;;;;23,38;;;;;;0,0;;;330,7;11,86;55,31;valida
08/2023;2023-09-26;6;8;ENRG ATV INJ;1,0;1,0;40,0;0,0;6200,0;0,46946;2910,65;112,4;0,18;523,91;0,36683;6200,0;0,36124;2239,7;86,49;0,18;403,14;0,28227;;;;;;;;;;;;;;;;;;;;318,35;;;;;;0,0;;;5468,7;198,89;927,05;valida
08/2023;2023-09-04;6;9;ENRG ATV;39857300,0;40274000,0;0,016;6667,2;6667,2;0,46946;3129,98;120,87;0,18;563,39;0,36683;6667,2;0,36124;2408,48;93,01;0,18;433,52;0,28227;;;;;;;;;;;;;;;;;;;;318,35;;;;;;0,0;;;5856,81;213,88;996,91;valida
08/2023;2023-09-22;7;12;ENRG ATV INJ;844,0;1008,0;40,0;6560,0;100,0;0,4692;46,92;1,8;0,18;8,44;0,36683;100,0;0,3609;36,09;1,38;0,18;6,49;0,28227;;;;;;;;;;;;;;;;;;;;3,87;;;;;;-93,18;;6,3;0,0;3,18;14,93;valida
08/2023;2023-08-23;2;2;ENRG ATV;52214,0;58500,0;1,0;6286,0;6286,0;0,46946;2951,03;113,96;0,18;531,18;0,36683;6286,0;0,36124;2270,78;87,7;0,18;408,74;0,28227;4856,4;0,38496;-1869,52;-88,05;0,0;0,0;0,36683;4856,4;0,36124;-1754,34;-67,75;0,18;-315,78;0,28227;;;;;;478,24;;;;-55,65;-2266,13;0,0;;245,59;0,0;45,86;624,14;valida
08/2023;2023-08-23;3;10;ENRG ATV;58192,0;58999,0;1,0;807,0;807,0;0,46944;378,84;14,62;0,18;68,19;0,36683;807,0;0,36123;291,51;11,25;0,18;52,47;0,28227;257,468;0,3668;-94,44;0,0;0,0;0,0;0,36683;257,468;0,28225;-72,67;0,0;0,0;0,0;0,28227;;;;;;67,22;;;;;;0,0;;;570,46;25,87;120,66;valida
08/2023;2023-09-25;2;6;ENRG ATV;49524,0;53879,0;1,0;4355,0;4355,0;0,46946;2044,51;78,96;0,18;368,01;0,36683;4355,0;0,36124;1573,2;60,75;0,18;283,17;0,28227;3663,6;0,38495;-1410,32;-66,41;0,0;0,0;0,36683;3663,6;0,36124;-1323,43;-51,1;0,18;-238,21;0,28227;;;;;;332,11;;;;;;-1223,28;;7,21;0,0;22,2;412,97;valida
08/2023;2023-10-23;3;3;ENRG ATV;46153000,0;46656700,0;0,016;8059,2;8059,2;0,46946;3783,5;146,12;0,18;681,03;0,36683;8059,2;0,36124;2911,34;112,43;0,18;524,04;0,28227;3089,616;0,36683;-1133,36;0,0;0,0;0,0;0,36683;3089,616;0,28227;-872,1;0,0;0,0;0,0;0,28227;;;;;;573,89;;;;;-5263,27;0,0;;;0,0;258,55;1205,07;valida
08/2023;2023-08-23;1;1;ENRG ATV;89606,0;97716,0;1,0;8110,0;8110,0;0,46946;3807,35;147,04;0,18;685,32;0,36683;8110,0;0,36124;2929,68;113,14;0,18;527,34;0,28227;3089,616;0,36683;-1133,36;0,0;0,0;0,0;0,36683;3089,616;0,28227;-872,1;0,0;0,0;0,0;0,28227;;;;;;573,89;;;;;;0,0;;;5305,46;260,18;1212,66;valida
08/2023;2023-08-23;4;4;ENRG ATV;18987,0;30108,0;1,0;11121,0;11121,0;0,46946;5220,91;201,64;0,18;939,76;0,36683;11121,0;0,36124;4017,4;155,15;0,18;723,13;0,28227;3600,0;0,38496;-1385,85;-65,27;0,0;0,0;0,36683;3600,0;0,36124;-1300,46;-50,21;0,18;-234,08;0,28227;;;;-430,8;;688,67;;;-15560,52;;;0,0;;8750,65;0,0;241,31;1428,81;valida
08/2023;2023-08-23;3;3;ENRG ATV;46153000,0;46656700,0;0,016;8059,2;8059,2;0,46946;3783,5;146,12;0,18;681,03;0,36683;8059,2;0,36124;2911,34;112,43;0,18;524,04;0,28227;3089,616;0,36683;-1133,36;0,0;0,0;0,0;0,36683;3089,616;0,28227;-872,1;0,0;0,0;0,0;0,28227;;;;;;573,89;;;;;;0,0;;;5263,27;258,55;1205,07;invalida
08/2023;2023-09-12;2;7;ENRG ATV INJ;1328,0;1549,0;40,0;8840,0;100,0;0,4692;46,92;1,8;0,18;8,44;0,36683;100,0;0,3609;36,09;1,38;0,18;6,49;0,28227;;;;;;;;;;;;;;;1,66;0,43;;;;4,22;;;-255,02;;;0,0;;165,7;0,0;3,18;14,93;valida
09/2023;2023-09-25;3;3;ENRG ATV;46656700,0;47266900,0;0,016;9763,2;9763,2;0,4754;4641,43;224,55;0,18;835,45;0,36683;9763,2;0,36581;3571,5;172,78;0,18;642,87;0,28227;3148,8;0,36683;-1155,07;0,0;0,0;0,0;0,36683;3148,8;0,28227;-888,81;0,0;0,0;0,0;0,28227;;;;;;573,89;;;;;;0,0;;;6742,94;397,33;1478,32;invalida
09/2023;2023-09-25;4;4;ENRG ATV;30108,0;43844,0;1,0;13736,0;13736,0;0,4754;6530,1;315,92;0,18;1175,41;0,36683;13736,0;0,36581;5024,81;243,09;0,18;904,46;0,28227;3840,0;0,4754;-1825,52;-88,31;0,18;-328,59;0,36683;3840,0;0,38881;-1493,03;-156,27;0,18;-252,85;0,28227;;;;;;688,67;;;-8750,65;;;0,0;;;174,38;314,43;1498,43;valida
09/2023;2023-10-23;7;12;ENRG ATV INJ;1008,0;1199,0;40,0;7640,0;120,0;0,47517;57,02;2,75;0,18;10,26;0,36683;120,0;0,36558;43,87;2,11;0,18;7,89;0,28227;20,0;0,389;-7,78;-0,45;0,0;0,0;0,36683;20,0;0,365;-7,3;-0,35;0,18;-1,31;0,28227;;;;;;6,3;;;;;;-6,3;;;85,81;4,06;16,84;invalida
09/2023;2023-10-23;3;3;ENRG ATV;46656700,0;47266900,0;0,016;9763,2;9763,2;0,4754;4641,43;224,55;0,18;835,45;0,36683;9763,2;0,36581;3571,5;172,78;0,18;642,87;0,28227;3148,8;0,36683;-1155,07;0,0;0,0;0,0;0,36683;3148,8;0,28227;-888,81;0,0;0,0;0,0;0,28227;;;;;;573,89;;;;;-6742,94;0,0;;;0,0;397,33;1478,32;valida
09/2023;2023-09-25;3;10;ENRG ATV;58999,0;60528,0;1,0;1529,0;1529,0;0,47538;726,86;35,15;0,18;130,83;0,36683;1529,0;0,3658;559,31;27,05;0,18;100,67;0,28227;262,4;0,36681;-96,25;0,0;0,0;0,0;0,36683;262,4;0,28224;-74,06;0,0;0,0;0,0;0,28227;;;;;;108,41;;;;-197,54;;0,0;;;1026,73;62,2;231,5;valida
09/2023;2023-10-26;6;8;ENRG ATV INJ;1,0;1,0;40,0;0,0;7040,0;0,4754;3346,81;161,91;0,18;602,42;0,36683;7040,0;0,36581;2575,32;124,59;0,18;463,55;0,28227;;;;;;;;;;;;;;;;;;;;318,35;;;;;;0,0;;;6240,48;286,5;1065,97;valida
09/2023;2023-10-26;6;11;ENRG ATV;16958,0;17396,0;1,0;438,0;438,0;0,47537;208,21;10,07;0,18;37,47;0,36683;438,0;0,36575;160,2;7,74;0,18;28,83;0,28227;;;;;;;;;;;;;;;;;;;;23,38;;;;;;0,0;;;391,79;17,81;66,3;valida
09/2023;2023-10-04;6;9;ENRG ATV;40274000,0;40733900,0;0,016;7358,4;7358,4;0,4754;3498,18;169,23;0,18;629,67;0,36683;7358,4;0,36581;2691,79;130,22;0,18;484,52;0,28227;;;;;;;;;;;;;;;;;;;;318,35;;;;;;0,0;;;6508,32;299,45;1114,19;valida
09/2023;2023-10-26;4;5;ENRG ATV INJ;7232,0;7365,0;40,0;5320,0;100,0;0,4752;47,52;2,29;0,18;8,55;0,36683;100,0;0,3656;36,56;1,76;0,18;6,58;0,28227;;;;;;;;;;;;;;;3,38;1,35;;;;4,39;0,2;;;;;0,0;;;93,4;4,05;15,13;valida
09/2023;2023-09-25;2;2;ENRG ATV;58500,0;66972,0;1,0;8472,0;8472,0;0,4754;4027,58;194,84;0,18;724,96;0,36683;8472,0;0,36581;3099,17;149,93;0,18;557,85;0,28227;5038,8;0,4754;-2395,43;-115,88;0,0;-431,17;0,36683;5038,8;0,38881;-1959,15;-205,06;0,18;-331,79;0,28227;;;;;;573,89;;;;-18,91;-189,94;0,0;;;3137,21;23,83;519,85;valida
09/2023;2023-09-25;1;1;ENRG ATV;97716,0;7331,0;1,0;9615,0;9615,0;0,4754;4570,97;221,13;0,18;822,77;0,36683;9615,0;0,36581;3517,29;170,16;0,18;633,11;0,28227;3148,8;0,36683;-1155,07;0,0;0,0;0,0;0,36683;3148,8;0,28227;-888,81;0,0;0,0;0,0;0,28227;;;;;;573,89;;;;;;0,0;;;6618,27;391,29;1455,88;valida
09/2023;2023-10-23;2;6;ENRG ATV;53879,0;59132,0;1,0;5253,0;5253,0;0,4754;2497,26;120,81;0,18;449,5;0,36683;5253,0;0,36581;1921,6;92,96;0,18;345,88;0,28227;3801,2;0,38982;-1481,8;-87,41;0,0;0,0;0,36683;3801,2;0,36581;-1390,52;-67,27;0,18;-250,29;0,28227;;;3,85;;;398,53;;;;;;-7,21;;;1941,71;59,09;545,09;valida
09/2023;2023-10-23;7;12;ENRG ATV INJ;1008,0;1199,0;40,0;7640,0;120,0;0,47517;57,02;2,75;0,18;10,26;0,36683;120,0;0,36558;43,87;2,11;0,18;7,89;0,28227;20,0;0,389;-7,78;-0,45;0,0;0,0;0,36683;20,0;0,365;-7,3;-0,35;0,18;-1,31;0,28227;;;;;;6,3;;;;-2,35;-2,25;-33,44;;;54,07;4,06;16,84;valida
09/2023;2023-10-26;2;7;ENRG ATV INJ;1549,0;1843,0;40,0;11760,0;100,0;0,4752;47,52;2,29;0,18;8,55;0,36683;100,0;0,3656;36,56;1,76;0,18;6,58;0,28227;;;;;;;;;;;;;;;1,68;0,43;;;;4,11;0,1;;-165,7;;;-83,6;;158,9;0,0;4,05;15,13;valida
10/2023;2023-11-22;7;12;ENRG ATV INJ;1199,0;1357,0;40,0;6320,0;120,0;0,4635;55,62;1,6;0,18;10,01;0,36683;120,0;0,35675;42,81;1,24;0,18;7,7;0,28227;20,0;0,3795;-7,59;-0,26;0,0;0,0;0,36683;20,0;0,355;-7,1;-0,19;0,18;-1,27;0,28227;;;;;;6,3;;;;;;54,07;;;144,11;2,39;16,44;valida
10/2023;2023-11-27;4;5;ENRG ATV INJ;7365,0;7468,0;40,0;4120,0;100,0;0,4635;46,35;1,33;0,18;8,34;0,36683;100,0;0,3567;35,67;1,03;0,18;6,42;0,28227;;;;;;;;;;;;;;;;;;;;3,87;;;;;;0,0;;;85,89;2,36;14,76;valida
10/2023;2023-11-27;2;7;ENRG ATV INJ;1843,0;2060,0;40,0;8680,0;100,0;0,4635;46,35;1,33;0,18;8,34;0,36683;100,0;0,3567;35,67;1,03;0,18;6,42;0,28227;;;;;;;;;;;;;;;;;;;;3,87;;;-158,9;;;0,0;;73,01;0,0;2,36;14,76;valida
10/2023;2023-11-23;2;6;ENRG ATV;59132,0;64413,0;1,0;5281,0;5281,0;0,46377;2449,15;71,09;0,18;440,84;0,36683;5281,0;0,35686;1884,57;54,69;0,18;339,22;0,28227;5056,8;0,38029;-1923,05;-68,07;0,0;0,0;0,36683;5056,8;0,35686;-1804,58;-52,38;0,18;-324,82;0,28227;;;;;;398,53;;;;;;0,0;;;1004,62;5,33;455,24;valida
10/2023;2023-11-27;6;8;ENRG ATV INJ;1,0;1,0;40,0;0,0;6200,0;0,46377;2875,36;83,46;0,18;517,56;0,36683;6200,0;0,35686;2212,54;64,22;0,18;398,25;0,28227;;;;;;;;;;;;;;;;;;;;318,35;;;;;;0,0;;;5406,25;147,68;915,81;valida
10/2023;2023-11-03;6;9;ENRG ATV;40733900,0;41175500,0;0,016;7065,6;7065,6;0,46377;3276,8;95,11;0,18;589,82;0,36683;7065,6;0,35686;2521,43;73,18;0,18;453,85;0,28227;;;;;;;;;;;;;;;;;;;;318,35;;;;;;0,0;;;6116,58;168,29;1043,67;valida
10/2023;2023-10-23;3;10;ENRG ATV;60528,0;63966,0;1,0;3438,0;3438,0;0,46376;1594,42;46,27;0,18;286,99;0,36683;3438,0;0,35686;1226,87;35,6;0,18;220,83;0,28227;304,8;0,3668;-111,8;0,0;0,0;0,0;0,36683;304,8;0,28225;-86,03;0,0;0,0;0,0;0,28227;;;;;;276,76;;;;-83,59;-923,37;0,0;;;1893,26;81,87;507,82;valida
10/2023;2023-10-23;3;3;ENRG ATV;47266900,0;47906600,0;0,016;10235,2;10235,2;0,46377;4746,76;137,78;0,18;854,41;0,36683;10235,2;0,35686;3652,54;106,01;0,18;657,45;0,28227;3657,6;0,36683;-1341,71;0,0;0,0;0,0;0,36683;3657,6;0,28227;-1032,43;0,0;0,0;0,0;0,28227;;;;;;688,67;;;;-3872,24;-4132,32;0,0;;1290,73;0,0;243,79;1511,86;valida
10/2023;2023-10-23;1;1;ENRG ATV;7331,0;16633,0;1,0;9302,0;9302,0;0,46377;4313,98;125,22;0,18;776,51;0,36683;9302,0;0,35686;3319,53;96,35;0,18;597,51;0,28227;3657,6;0,36683;-1341,71;0,0;0,0;0,0;0,36683;3657,6;0,28227;-1032,43;0,0;0,0;0,0;0,28227;;;;;;573,89;;;;-5923,58;;0,0;;90,32;0,0;221,57;1374,02;valida
10/2023;2023-10-23;4;4;ENRG ATV;43844,0;57491,0;1,0;13647,0;13647,0;0,46377;6329,06;183,71;0,18;1139,23;0,36683;13647,0;0,35686;4870,1;141,36;0,18;876,61;0,28227;5320,0;0,38029;-2023,14;-71,61;0,0;0,0;0,36683;5320,0;0,35686;-1898,5;-55,1;0,18;-341,73;0,28227;;;;;;688,67;;;;;;0,0;;;7966,19;198,36;1674,11;valida
10/2023;2023-10-23;2;2;ENRG ATV;66972,0;75288,0;1,0;8316,0;8316,0;0,46377;3856,69;111,94;0,18;694,2;0,36683;8316,0;0,35686;2967,67;86,14;0,18;534,18;0,28227;6703,2;0,38029;-2549,16;-90,23;0,0;0,0;0,36683;6703,2;0,35686;-2392,12;-69,43;0,18;-430,58;0,28227;;;;;;573,89;;;;;;0,0;;;2456,97;38,42;797,8;valida
10/2023;2023-11-27;6;11;ENRG ATV;17396,0;17847,0;1,0;451,0;451,0;0,46375;209,15;6,07;0,18;37,64;0,36683;451,0;0,35683;160,93;4,67;0,18;28,96;0,28227;;;;;;;;;;;;;;;;;;;;23,38;;;;;;0,0;;;393,46;10,74;66,6;valida
11/2023;2023-12-26;6;8;ENRG ATV INJ;1,0;;40,0;0,0;6240,0;0,47424;2959,24;137,57;0,18;532,66;0,36683;6240,0;0,36492;2277,09;105,86;0,18;409,87;0,28227;;;;;;;;;;;;;;;;;;;;318,35;;;;;;-425,79;;;5128,89;243,43;942,53;valida
11/2023;2023-11-23;2;2;ENRG ATV;75288,0;82819,0;1,0;8137,0;8137,0;0,47424;3858,89;179,4;0,18;694,6;0,36683;8137,0;0,36492;2969,36;138,05;0,18;534,48;0,28227;4947,6;0,38888;-1924,0;-109,08;0,0;0,0;0,36683;4947,6;0,36492;-1805,47;-83,94;0,18;-324,98;0,28227;;;;;;573,89;;;;;;0,0;;;3672,67;124,43;904,1;valida
11/2023;2023-11-23;4;4;ENRG ATV;57491,0;71044,0;1,0;13553,0;13553,0;0,47424;6427,4;298,83;0,18;1156,93;0,36683;13553,0;0,36492;4945,78;229,94;0,18;890,24;0,28227;4120,0;0,38888;-1602,17;-90,84;0,0;0,0;0,36683;4120,0;0,36492;-1503,47;-69,9;0,18;-270,62;0,28227;;;;;;688,67;;;;;;0,0;;;8956,21;368,03;1776,55;valida
11/2023;2023-11-23;1;1;ENRG ATV;16633,0;26401,0;1,0;9768,0;9768,0;0,47424;4632,39;215,37;0,18;833,83;0,36683;9768,0;0,36492;3564,54;165,72;0,18;641,61;0,28227;3024,0;0,36683;-1109,29;0,0;0,0;0,0;0,36683;3024,0;0,28227;-853,58;0,0;0,0;0,0;0,28227;;;;;;573,89;;;;-90,32;;0,0;;;6717,63;381,09;1475,44;valida
11/2023;2023-11-23;3;3;ENRG ATV;47906600,0;48564600,0;0,016;10528,0;10528,0;0,47424;4992,81;232,13;0,18;898,7;0,36683;10528,0;0,36492;3841,87;178,61;0,18;691,53;0,28227;3024,0;0,36683;-1109,29;0,0;0,0;0,0;0,36683;3024,0;0,28227;-853,58;0,0;0,0;0,0;0,28227;;;;;;688,67;;;;-1290,73;;0,0;;;6269,75;410,74;1590,23;valida
11/2023;2023-11-23;3;10;ENRG ATV;63966,0;68162,0;1,0;4196,0;4196,0;0,47424;1989,9;92,51;0,18;358,18;0,36683;4196,0;0,36492;1531,2;71,19;0,18;275,61;0,28227;252,0;0,36683;-92,44;0,0;0,0;0,0;0,36683;252,0;0,28226;-71,13;0,0;0,0;0,0;0,28227;;;;;;332,11;;;;;;0,0;;;3689,64;163,7;633,79;valida
11/2023;2023-12-05;6;9;ENRG ATV;41175500,0;41650900,0;0,016;7606,4;7606,4;0,47424;3607,26;167,71;0,18;649,3;0,36683;7606,4;0,36492;2775,71;129,04;0,18;499,62;0,28227;;;;;;;;;;;;;;;;;;;;318,35;;;;;;-384,14;;;6317,18;296,75;1148,92;valida
11/2023;2023-12-26;6;11;ENRG ATV;17847,0;18374,0;1,0;527,0;527,0;0,47417;249,89;11,6;0,18;44,98;0,36683;527,0;0,36488;192,29;8,93;0,18;34,61;0,28227;;;;;;;;;;;;;;;;;;;;53,2;;;;;;0,0;;;495,38;20,53;79,59;valida
11/2023;2023-12-26;2;7;ENRG ATV INJ;2060,0;;40,0;9440,0;120,0;0,47408;56,89;2,64;0,18;10,24;0,36683;120,0;0,36483;43,78;2,03;0,18;7,88;0,28227;20,0;0,388;-7,76;-0,43;0,0;0,0;0,36683;20,0;0,364;-7,28;-0,33;0,18;-1,31;0,28227;;;;;;6,3;;;-73,01;;;-2,75;;;16,17;3,91;16,81;valida
11/2023;2023-12-26;4;5;ENRG ATV INJ;7468,0;;40,0;40,0;100,0;0,4741;47,41;2,2;0,18;8,53;0,36683;100,0;0,3647;36,47;1,69;0,18;6,56;0,28227;;;;;;;;;;;;;;;3,34;1,52;;;;4,75;0,42;;;;;-2,75;;;91,16;3,89;15,09;valida
11/2023;2023-12-26;2;6;ENRG ATV;64413,0;69346,0;1,0;4933,0;4933,0;0,47424;2339,42;108,76;0,18;421,09;0,36683;4933,0;0,36492;1800,13;83,68;0,18;324,02;0,28227;3732,4;0,38887;-1451,43;-82,28;0,0;0,0;0,36683;3732,4;0,36492;-1362,02;-63,32;0,18;-245,16;0,28227;;;;;;332,11;;;;;;0,0;;;1658,21;46,84;499,95;valida
11/2023;2023-12-22;7;12;ENRG ATV INJ;1357,0;;40,0;40,0;120,0;0,47408;56,89;2,64;0,18;10,24;0,36683;120,0;0,36483;43,78;2,03;0,18;7,88;0,28227;20,0;0,388;-7,76;-0,43;0,0;0,0;0,36683;20,0;0,364;-7,28;-0,33;0,18;-1,31;0,28227;;;;;;6,3;;;;;;-94,05;;2,12;0,0;3,91;16,81;valida
12/2023;2024-01-26;2;7;ENRG ATV INJ;;2728,0;40,0;17280,0;100,0;0,4753;47,53;2,3;0,18;8,55;0,36683;100,0;0,3656;36,56;1,76;0,18;6,58;0,28227;;;;;;;;;;;;;;;;;;;;6,3;;;;;;-224,5;;134,11;0,0;4,06;15,13;valida
12/2023;2023-12-26;4;4;ENRG ATV;71044,0;84450,0;1,0;13406,0;13406,0;0,4755;6374,57;309,43;0,18;1147,42;0,36683;13406,0;0,36589;4905,13;238,1;0,18;882,92;0,28227;40,0;0,3895;-15,58;-0,91;0,0;0,0;0,36683;40,0;0,3655;-14,62;-0,7;0,18;-2,63;0,28227;;;;;;688,67;;;;;;0,0;;;11938,17;545,92;2027,71;valida
12/2023;2023-12-26;1;1;ENRG ATV;26401,0;36462,0;1,0;10061,0;10061,0;0,4755;4784,02;232,23;0,18;861,12;0,36683;10061,0;0,36589;3681,21;178,69;0,18;662,61;0,28227;9,6;0,36667;-3,52;0,0;0,0;0,0;0,36683;9,6;0,28125;-2,7;0,0;0,0;0,0;0,28227;;;;;;688,67;;;;;;0,0;;;9147,68;410,92;1523,73;valida
12/2023;2023-12-26;3;3;ENRG ATV;48564600,0;49421400,0;0,016;13708,8;13708,8;0,4755;6518,54;316,42;0,18;1173,33;0,36683;13708,8;0,36589;5015,92;243,48;0,18;902,86;0,28227;9,6;0,36667;-3,52;0,0;0,0;0,0;0,36683;9,6;0,28125;-2,7;0,0;0,0;0,0;0,28227;;;;;;688,67;;;;;;0,0;;;12216,91;559,9;2076,19;valida
12/2023;2023-12-26;3;10;ENRG ATV;68162,0;73269,0;1,0;5107,0;5107,0;0,4755;2428,37;117,87;0,18;437,1;0,36683;5107,0;0,36589;1868,59;90,7;0,18;336,34;0,28227;0,8;0,3625;-0,29;0,0;0,0;0,0;0,36683;0,8;0,275;-0,22;0,0;0,0;0,0;0,28227;;;;;;398,53;;;;;;0,0;;;4694,98;208,57;773,44;valida
12/2023;2023-12-26;2;2;ENRG ATV;3,0;7929,0;1,0;7926,0;7926,0;0,4755;3768,81;182,94;0,18;678,38;0,36683;7926,0;0,36589;2900,04;140,77;0,18;522,0;0,28227;5369,4;0,38991;-2093,58;-123,93;0,0;0,0;0,36683;5369,4;0,36589;-1964,6;-95,36;0,18;-353,62;0,28227;;;;;;478,24;;;;;;-326,58;;;2762,33;104,42;846,76;valida
12/2023;2024-01-23;2;6;ENRG ATV;69346,0;75353,0;1,0;6007,0;6007,0;0,4755;2856,32;138,65;0,18;514,13;0,36683;6007,0;0,36589;2197,9;106,69;0,18;395,62;0,28227;4050,6;0,38991;-1579,37;-93,49;0,0;0,0;0,36683;4050,6;0,36589;-1482,07;-71,94;0,18;-266,77;0,28227;;;;;;478,24;;;;;;0,0;;;2471,02;79,91;642,98;valida
12/2023;2024-01-22;7;12;ENRG ATV INJ;;1780,0;40,0;16880,0;100,0;0,4753;47,53;2,3;0,18;8,55;0,36683;100,0;0,3656;36,56;1,76;0,18;6,58;0,28227;;;;;;;;;;;;;;;2,88;0,93;;;;6,3;0,4;;;;;-287,14;;192,54;0,0;4,06;15,13;valida
12/2023;2024-01-26;4;5;ENRG ATV INJ;;7815,0;40,0;13840,0;100,0;0,4753;47,53;2,3;0,18;8,55;0,36683;100,0;0,3656;36,56;1,76;0,18;6,58;0,28227;;;;;;;;;;;;;;;1,64;0,58;;;;5,0;0,23;;;;;-224,5;;132,96;0,0;4,06;15,13;valida
12/2023;2024-01-30;6;9;ENRG ATV;41650900,0;41684800,0;0,016;542,4;542,4;0,47546;257,89;12,51;0,18;46,42;0,36683;542,4;0,36584;198,43;9,62;0,18;35,71;0,28227;;;;;;;;;;;;;;;;;;;;53,2;;;;;;0,0;;;509,52;22,13;82,13;valida
12/2023;2024-01-26;6;11;ENRG ATV;18374,0;18854,0;1,0;480,0;480,0;0,47544;228,21;11,07;0,18;41,07;0,36683;480,0;0,36581;175,59;8,51;0,18;31,6;0,28227;;;;;;;;;;;;;;;;;;;;23,38;;;;;;0,0;;;427,18;19,58;72,67;valida
12/2023;2024-01-26;6;8;ENRG ATV INJ;;1,0;40,0;0,0;8680,0;0,4755;4127,35;200,35;0,18;742,92;0,36683;8680,0;0,36589;3175,92;154,16;0,18;571,66;0,28227;;;;;;;;;;;;;;;;;;;;318,35;;;;;;-4882,98;;;2738,64;354,51;1314,58;valida
01/2024;2024-02-22;7;12;ENRG ATV INJ;1780,0;1979,0;40,0;7960,0;200,0;0,47585;95,17;4,68;0,18;17,13;0,36683;200,0;0,36615;73,23;3,6;0,18;13,18;0,28227;100,0;0,3901;-39,01;-2,33;0,0;0,0;0,36683;100,0;0,366;-36,6;-1,8;0,18;-6,58;0,28227;;;;;;6,3;;;;;;-192,54;;93,45;0,0;4,15;23,73;valida
01/2024;2024-01-31;4;13;ENRG ATV;0,0;8350,0;1,0;8350,0;8350,0;0,47596;3974,24;195,85;0,18;715,36;0,36683;8350,0;0,36624;3058,1;150,7;0,18;550,45;0,28227;;;;;;;;;;;;;;;;;;;;494,5;;;;;;0,0;;;7526,84;346,55;1265,81;valida
01/2024;2024-02-26;6;8;ENRG ATV INJ;1,0;1,0;40,0;0,0;6960,0;0,47595;3312,64;163,24;0,18;596,27;0,36683;6960,0;0,36624;2549,02;125,61;0,18;458,82;0,28227;;;;;;;;;;;;;;;;;;;;318,35;;;;;;0,0;;;6180,01;288,85;1055,09;valida
01/2024;2024-02-26;6;11;ENRG ATV;18854,0;19334,0;1,0;480,0;480,0;0,4759;228,43;11,25;0,18;41,11;0,36683;480,0;0,36621;175,78;8,66;0,18;31,64;0,28227;;;;;;;;;;;;;;;;;;;;23,38;;;;;;0,0;;;427,59;19,91;72,75;valida
01/2024;2024-02-01;6;9;ENRG ATV;41684800,0;42201263,0;0,016;8263,408;8263,408;0,47595;3933,01;193,81;0,18;707,94;0,36683;8263,408;0,36624;3026,4;149,14;0,18;544,75;0,28227;;;;;;;;;;;;;;;;;;;;318,35;;;;;;0,0;;;7277,76;342,95;1252,69;valida
01/2024;2024-01-23;4;4;ENRG ATV;84450,0;90327,0;1,0;5877,0;5877,0;0,47595;2797,18;137,84;0,18;503,49;0,36683;5877,0;0,36624;2152,39;106,06;0,18;387,43;0,28227;5827,0;0,39028;-2274,18;-136,67;0,0;0,0;0,36683;5827,0;0,36624;-2134,07;-105,16;0,18;-384,13;0,28227;;;;-411,98;;343,4;;;;;;0,0;;;472,74;2,07;506,79;valida
01/2024;2024-01-23;3;10;ENRG ATV;73269,0;;1,0;1778,0;1778,0;0,47594;846,23;41,69;0,18;152,32;0,36683;1778,0;0,36623;651,15;32,08;0,18;117,2;0,28227;675,2;0,36682;-247,68;0,0;0,0;0,0;0,36683;675,2;0,28226;-190,58;0,0;0,0;0,0;0,28227;;;;-128,34;;115,9;;;;;;0,0;;;1046,68;73,77;269,52;valida
01/2024;2024-01-23;3;3;ENRG ATV;49421400,0;50072700,0;0,016;10420,8;10420,8;0,47596;4959,85;244,42;0,18;892,77;0,36683;10420,8;0,36624;3816,51;188,07;0,18;686,97;0,28227;8102,4;0,36683;-2972,2;0,0;0,0;0,0;0,36683;8102,4;0,28227;-2287,06;0,0;0,0;0,0;0,28227;;;;;;593,41;;;;;;0,0;;;4110,51;432,49;1579,74;valida
01/2024;2024-01-23;1;1;ENRG ATV;36462,0;43517,0;1,0;7055,0;7055,0;0,47596;3357,87;165,48;0,18;604,41;0,36683;7055,0;0,36624;2583,82;127,33;0,18;465,08;0,28227;7025,0;0,36683;-2576,98;0,0;0,0;0,0;0,36683;7025,0;0,28227;-1982,94;0,0;0,0;0,0;0,28227;;;;-2974,79;;412,08;;;;;;0,0;;1180,94;0,0;292,81;1069,49;valida
01/2024;2024-02-26;2;7;ENRG ATV INJ;2728,0;;40,0;40,0;120,0;0,47575;57,09;2,81;0,18;10,27;0,36683;120,0;0,366;43,92;2,15;0,18;7,9;0,28227;20,0;0,3895;-7,79;-0,46;0,0;0,0;0,36683;20,0;0,365;-7,3;-0,35;0,18;-1,31;0,28227;0,32;0,04;;;;6,3;0,05;;;;;-134,11;;41,48;0,0;4,15;16,86;valida
01/2024;2024-02-23;2;6;ENRG ATV;75353,0;80287,0;1,0;4934,0;4934,0;0,47595;2348,35;115,72;0,18;422,7;0,36683;4934,0;0,36624;1807,02;89,04;0,18;325,26;0,28227;4904,0;0,39028;-1913,94;-115,01;0,0;0,0;0,36683;4904,0;0,36624;-1796,03;-88,5;0,18;-323,28;0,28227;;;;;;286,17;;;;;;0,0;;;731,57;1,25;424,68;valida
01/2024;2024-02-26;4;5;ENRG ATV INJ;7815,0;7992,0;40,0;7080,0;100,0;0,4757;47,57;2,33;0,18;8,56;0,36683;100,0;0,366;36,6;1,8;0,18;6,58;0,28227;;;;;;;;;;;;;;;1,67;0,92;;;;3,87;0,47;;;;;-133,73;;42,63;0,0;4,13;15,14;valida
01/2024;2024-01-23;2;2;ENRG ATV;7929,0;16306,0;1,0;8377,0;8377,0;0,47596;3987,08;196,48;0,18;717,67;0,36683;8377,0;0,36624;3067,98;151,18;0,18;552,23;0,28227;8327,0;0,39028;-3249,9;-195,31;0,0;0,0;0,36683;8327,0;0,36624;-3049,68;-150,28;0,18;-548,94;0,28227;;;;;;494,5;;;;;;0,0;;;1249,98;2,07;720,96;valida
02/2024;2024-03-26;6;11;ENRG ATV;19334,0;19856,0;1,0;522,0;522,0;0,4727;246,75;10,86;0,18;44,41;0,36683;522,0;0,36372;189,86;8,35;0,18;34,17;0,28227;;;;;;;;;;;;;;;;;;;;53,2;;;;;;0,0;;;489,81;19,21;78,58;valida
02/2024;2024-03-05;6;9;ENRG ATV;42201263,0;42414871,0;0,016;3417,728;3417,728;0,47273;1615,67;71,13;0,18;290,82;0,36683;3417,728;0,36376;1243,23;54,73;0,18;223,78;0,28227;;;;;;;;;;;;;;;;;;;;318,35;;;;;;0,0;;;3177,25;125,86;514,6;valida
02/2024;2024-02-22;4;13;ENRG ATV;8350,0;16333,0;1,0;7983,0;7983,0;0,47274;3773,86;166,17;0,18;679,29;0,36683;7983,0;0,36376;2903,92;127,86;0,18;522,7;0,28227;6018,0;0,38764;-2332,84;-125,26;0,0;0,0;0,36683;6018,0;0,36376;-2189,13;-96,39;0,18;-394,04;0,28227;;;;;;412,08;;;;;;0,0;;;2567,89;72,38;807,95;valida
02/2024;2024-03-25;2;6;ENRG ATV;80287,0;85910,0;1,0;5623,0;5623,0;0,47274;2658,19;117,04;0,18;478,47;0,36683;5623,0;0,36376;2045,43;90,06;0,18;368,17;0,28227;2535,0;0,38764;-982,67;-52,76;0,0;0,0;0,36683;2535,0;0,36376;-922,12;-40,59;0,18;-165,98;0,28227;;;;;;343,4;;;;;;0,0;;;3142,23;113,75;680,66;valida
02/2024;2024-02-23;1;1;ENRG ATV;43517,0;;1,0;8285,0;8285,0;0,47274;3916,63;172,46;0,18;704,99;0,36683;8285,0;0,36376;3013,78;132,7;0,18;542,48;0,28227;4850,2;0,36683;-1779,19;0,0;0,0;0,0;0,36683;4850,2;0,28227;-1369,06;0,0;0,0;0,0;0,28227;;;;;;494,5;;;;;;-1666,28;;;2610,38;305,16;1247,47;valida
02/2024;2024-02-23;3;3;ENRG ATV;50072700,0;50863400,0;0,016;12651,2;12651,2;0,47274;5980,7;263,35;0,18;1076,52;0,36683;12651,2;0,36376;4602,04;202,63;0,18;828,36;0,28227;3772,8;0,36683;-1383,97;0,0;0,0;0,0;0,36683;3772,8;0,28227;-1064,94;0,0;0,0;0,0;0,28227;;;;;;593,41;;;;;;-661,31;;;8065,93;465,98;1904,88;valida
02/2024;2024-02-23;3;10;ENRG ATV;;;1,0;1778,0;1778,0;0,47273;840,51;37,0;0,18;151,29;0,36683;1778,0;0,36375;646,75;28,47;0,18;116,41;0,28227;314,4;0,36683;-115,33;0,0;0,0;0,0;0,36683;314,4;0,28225;-88,74;0,0;0,0;0,0;0,28227;;;;;;115,9;;;;;;-246,36;;;1152,73;65,47;267,7;valida
02/2024;2024-02-23;4;4;ENRG ATV;90327,0;97423,0;1,0;7096,0;7096,0;0,47274;3354,53;147,7;0,18;603,81;0,36683;7096,0;0,36376;2581,25;113,65;0,18;464,62;0,28227;7046,0;0,38765;-2731,35;-146,67;0,0;0,0;0,36683;7046,0;0,36376;-2563,07;-112,85;0,18;-461,35;0,28227;;;;;;412,08;;;;;;-646,7;;;406,74;1,83;607,08;valida
02/2024;2024-02-23;2;2;ENRG ATV;16306,0;26230,0;1,0;9924,0;9924,0;0,47274;4691,46;206,58;0,18;844,46;0,36683;9924,0;0,36376;3609,98;158,95;0,18;649,79;0,28227;1534,0;0,38763;-594,63;-31,92;0,0;0,0;0,36683;1534,0;0,36375;-558,0;-24,56;0,18;-100,44;0,28227;;;;;;494,5;;;;;;-382,35;;;7260,96;309,05;1393,81;valida
02/2024;2024-03-22;7;12;ENRG ATV INJ;1979,0;2181,0;40,0;8080,0;120,0;0,4725;56,7;2,49;0,18;10,2;0,36683;120,0;0,36358;43,63;1,91;0,18;7,85;0,28227;20,0;0,387;-7,74;-0,41;0,0;0,0;0,36683;20,0;0,3625;-7,25;-0,31;0,18;-1,3;0,28227;;;;;;6,3;;;;;;-93,45;;1,81;0,0;3,68;16,75;valida
02/2024;2024-03-26;4;5;ENRG ATV INJ;7992,0;8162,0;40,0;6800,0;100,0;0,4725;47,25;2,07;0,18;8,5;0,36683;100,0;0,3635;36,35;1,59;0,18;6,54;0,28227;;;;;;;;;;;;;;;;;;;;3,87;;;;;;-42,63;;;44,84;3,66;15,04;valida
02/2024;2024-03-26;6;8;ENRG ATV INJ;1,0;1,0;40,0;0,0;6720,0;0,47274;3176,78;139,87;0,18;571,82;0,36683;6720,0;0,36376;2444,48;107,63;0,18;440,0;0,28227;;;;;;;;;;;;;;;;;;;;318,35;;;;;;0,0;;;5939,61;247,5;1011,82;valida
02/2024;2024-03-26;2;7;ENRG ATV INJ;;3326,0;40,0;23880,0;100,0;0,4725;47,25;2,07;0,18;8,5;0,36683;100,0;0,3635;36,35;1,59;0,18;6,54;0,28227;;;;;;;;;;;;;;;;;;;;6,3;;;;;;-41,48;;;48,42;3,66;15,04;valida
03/2024;2024-04-30;6;9;ENRG ATV;42414871,0;42583671,0;0,016;2700,8;2700,8;0,47188;1274,46;54,33;0,18;229,4;0,36683;2700,8;0,3631;980,67;41,8;0,18;176,52;0,28227;;;;;;;;;;;;;;;;;;;;212,3;;;;;;0,0;;;2467,43;96,13;405,92;valida
03/2024;2024-04-22;7;12;ENRG ATV INJ;2181,0;2377,0;40,0;7840,0;100,0;0,4717;47,17;2,0;0,18;8,49;0,36683;100,0;0,3629;36,29;1,54;0,18;6,53;0,28227;;;;;;;;;;;;;;;;;;;;3,87;;;;;;-1,81;;;85,52;3,54;15,02;valida
03/2024;2024-04-26;2;7;ENRG ATV INJ;3326,0;3623,0;40,0;11880,0;100,0;0,4717;47,17;2,0;0,18;8,49;0,36683;100,0;0,3629;36,29;1,54;0,18;6,53;0,28227;;;;;;;;;;;;;;;;;;;;6,3;;;;;;48,42;;;138,18;3,54;15,02;valida
03/2024;2024-04-23;2;6;ENRG ATV;85910,0;91462,0;1,0;5552,0;5552,0;0,47189;2619,92;111,7;0,18;471,58;0,36683;5552,0;0,36311;2015,98;85,95;0,18;362,87;0,28227;5522,0;0,38695;-2136,73;-111,1;0,0;0,0;0,36683;5522,0;0,36311;-2005,09;-85,49;0,18;-360,91;0,28227;;;;;;343,4;;;;;;0,0;;;837,48;1,06;473,54;valida
03/2024;2024-04-26;4;5;ENRG ATV INJ;8162,0;8333,0;40,0;6840,0;100,0;0,4717;47,17;2,0;0,18;8,49;0,36683;100,0;0,3629;36,29;1,54;0,18;6,53;0,28227;;;;;;;;;;;;;;;;;;;;3,87;;;;;;44,84;;;132,17;3,54;15,02;valida
03/2024;2024-03-25;3;3;ENRG ATV;50863400,0;;0,016;10523,34;10523,344;0,47189;4965,85;211,73;0,18;893,85;0,36683;10523,344;0,36311;3821,15;162,93;0,18;687,8;0,28227;3909,1;0,36683;-1433,97;0,0;0,0;0,0;0,36683;3909,1;0,28227;-1103,42;0,0;0,0;0,0;0,28227;;;;;;593,41;;;;;;0,0;;;6843,02;374,66;1581,65;valida
03/2024;2024-03-25;3;10;ENRG ATV;;;1,0;1969,0;1969,0;0,47188;929,13;39,61;0,18;167,24;0,36683;1969,0;0,3631;714,95;30,48;0,18;128,69;0,28227;523,9;0,36683;-192,18;0,0;0,0;0,0;0,36683;523,9;0,28227;-147,88;0,0;0,0;0,0;0,28227;;;;;;115,9;;;;;;0,0;;;1419,92;70,09;295,93;valida
03/2024;2024-03-25;1;1;ENRG ATV;;;1,0;8240,0;8240,0;0,47189;3888,36;165,79;0,18;699,9;0,36683;8240,0;0,36311;2992,03;127,57;0,18;538,56;0,28227;3627,0;0,36683;-1330,49;0,0;0,0;0,0;0,36683;3627,0;0,28227;-1023,79;0,0;0,0;0,0;0,28227;;;;;;494,5;;;;;;0,0;;;5020,61;293,36;1238,46;valida
03/2024;2024-04-26;6;11;ENRG ATV;19856,0;20485,0;1,0;629,0;629,0;0,47186;296,8;12,65;0,18;53,42;0,36683;629,0;0,36307;228,37;9,73;0,18;41,1;0,28227;;;;;;;;;;;;;;;;;;;;53,2;;;;;;0,0;;;578,37;22,38;94,52;valida
03/2024;2024-04-26;6;8;ENRG ATV INJ;1,0;1,0;40,0;0,0;8560,0;0,47189;4039,37;172,23;0,18;727,08;0,36683;8560,0;0,36311;3108,24;132,53;0,18;559,48;0,28227;;;;;;;;;;;;;;;;;;;;318,35;;;;;;0,0;;;7465,96;304,76;1286,56;valida
03/2024;2024-03-25;4;4;ENRG ATV;97423,0;;1,0;11943,0;11943,0;0,47189;5635,79;240,3;0,18;1014,44;0,36683;11943,0;0,36311;4336,65;184,91;0,18;780,59;0,28227;3049,0;0,38695;-1179,8;-61,34;0,0;0,0;0,36683;3049,0;0,36311;-1107,12;-47,2;0,18;-199,28;0,28227;;;;;;593,41;;;;;;0,0;;;8278,93;316,67;1595,75;valida
03/2024;2024-03-25;2;2;ENRG ATV;26230,0;;1,0;8175,0;8175,0;0,47189;3857,69;164,48;0,18;694,38;0,36683;8175,0;0,36311;2968,42;126,56;0,18;534,31;0,28227;8125,0;0,38695;-3143,96;-163,47;0,0;0,0;0,36683;8125,0;0,36311;-2950,28;-125,79;0,18;-531,05;0,28227;;;;;;494,5;;;;;;0,0;;;1226,37;1,78;697,64;valida
03/2024;2024-03-14;4;13;ENRG ATV;16333,0;23967,0;1,0;7634,0;7634,0;0,47189;3602,41;153,6;0,18;648,43;0,36683;7634,0;0,36311;2771,97;118,18;0,18;498,95;0,28227;5780,0;0,38695;-2236,57;-116,3;0,0;0,0;0,36683;5780,0;0,36311;-2098,78;-89,48;0,18;-377,78;0,28227;51,35;4,21;;;;412,08;10,79;;;;;0,0;;;2517,46;66,0;769,6;valida
04/2024;2024-04-23;4;4;ENRG ATV;9280,0;12072,0;1,0;2792,0;2792,0;0,46941;1310,58;50,5;0,18;235,9;0,36683;2792,0;0,3612;1008,47;38,86;0,18;181,52;0,28227;1026,0;0,3849;-394,91;-18,55;0,0;0,0;0,36683;1026,0;0,36118;-370,57;-14,27;0,18;-66,7;0,28227;;;;-382,5;;167,89;;;;;;0,0;;;1338,96;56,54;350,72;valida
04/2024;2024-05-23;2;6;ENRG ATV;91462,0;97368,0;1,0;5906,0;5906,0;0,46941;2772,35;106,84;0,18;499,02;0,36683;5906,0;0,36121;2133,28;82,21;0,18;383,99;0,28227;5876,0;0,38492;-2261,78;-106,29;0,0;0,0;0,36683;5876,0;0,3612;-2122,42;-81,78;0,18;-382,03;0,28227;;;;;;343,4;;;;;;0,0;;;864,83;0,98;500,98;valida
04/2024;2024-04-23;3;10;ENRG ATV;;;1,0;2080,0;2080,0;0,4694;976,36;37,62;0,18;175,74;0,36683;2080,0;0,3612;751,3;28,95;0,18;135,23;0,28227;509,6;0,36682;-186,93;0,0;0,0;0,0;0,36683;509,6;0,28226;-143,84;0,0;0,0;0,0;0,28227;;;;-95,84;;141,67;;;;;;0,0;;;1442,72;66,57;310,97;valida
04/2024;2024-04-12;4;13;ENRG ATV;23967,0;33834,0;1,0;9867,0;9867,0;0,46941;4631,71;178,5;0,18;833,7;0,36683;9867,0;0,36121;3564,01;137,34;0,18;641,52;0,28227;5814,0;0,38492;-2237,91;-105,17;0,0;0,0;0,36683;5814,0;0,3612;-2100,04;-80,93;0,18;-378,0;0,28227;50,34;5,78;;-430,31;;494,5;20,89;;;;;0,0;;;3998,97;129,74;1097,22;valida
04/2024;2024-04-23;2;2;ENRG ATV;;46384,0;1,0;11979,0;11979,0;0,46941;5623,12;216,71;0,18;1012,16;0,36683;11979,0;0,36121;4326,9;166,75;0,18;778,84;0,28227;11929,0;0,38492;-4591,72;-215,81;0,0;0,0;0,36683;11929,0;0,36121;-4308,82;-166,05;0,18;-775,58;0,28227;;;;-534,94;;593,41;;;;;;0,0;;;1107,95;1,6;1015,42;valida
04/2024;2024-04-23;3;3;ENRG ATV;;;0,016;10463,58;10463,584;0,46941;4911,75;189,29;0,18;884,11;0,36683;10463,584;0,36121;3779,51;145,65;0,18;680,31;0,28227;3802,4;0,36683;-1394,83;0,0;0,0;0,0;0,36683;3802,4;0,28227;-1073,3;0,0;0,0;0,0;0,28227;136,86;2,24;;-681,95;;593,41;56,8;;;;;0,0;;;6330,49;334,94;1564,42;valida
04/2024;2024-04-23;1;1;ENRG ATV;;;1,0;8194,0;8194,0;0,46941;3846,37;148,23;0,18;692,34;0,36683;8194,0;0,36121;2959,73;114,06;0,18;532,75;0,28227;3528,0;0,36683;-1294,17;0,0;0,0;0,0;0,36683;3528,0;0,28227;-995,84;0,0;0,0;0,0;0,28227;;;;-446,59;;494,5;;;;;;0,0;;;4564,0;262,29;1225,09;valida
04/2024;2024-05-03;6;9;ENRG ATV;42583671,0;42770800,0;0,016;2994,064;2994,064;0,46941;1405,45;54,16;0,18;252,98;0,36683;2994,064;0,3612;1081,46;41,67;0,18;194,66;0,28227;;;;;;;;;;;;;;;;;;;;212,3;;;;;;0,0;;;2699,21;95,83;447,64;valida
04/2024;2024-05-27;6;8;ENRG ATV INJ;1,0;1,0;40,0;0,0;6800,0;0,46941;3192,01;123,01;0,18;574,56;0,36683;6800,0;0,3612;2456,19;94,65;0,18;442,11;0,28227;;;;;;;;;;;;;;;;;;;;318,35;;;;;;0,0;;;5966,55;217,66;1016,67;valida
04/2024;2024-05-22;7;12;ENRG ATV INJ;2377,0;2554,0;40,0;7080,0;100,0;0,4692;46,92;1,8;0,18;8,44;0,36683;100,0;0,3609;36,09;1,38;0,18;6,49;0,28227;;;;;;;;;;;;;;;;;;;;3,87;;;;;;0,0;;;86,88;3,18;14,93;valida
04/2024;2024-05-27;2;7;ENRG ATV INJ;3623,0;3883,0;40,0;10400,0;100,0;0,4692;46,92;1,8;0,18;8,44;0,36683;100,0;0,3609;36,09;1,38;0,18;6,49;0,28227;;;;;;;;;;;;;;;;;;;;6,3;;;;;;0,0;;;89,31;3,18;14,93;valida
04/2024;2024-05-27;4;5;ENRG ATV INJ;8333,0;;40,0;5400,0;120,0;0,46917;56,3;2,16;0,18;10,13;0,36683;120,0;0,361;43,32;1,66;0,18;7,79;0,28227;20,0;0,384;-7,68;-0,35;0,0;0,0;0,36683;20,0;0,3595;-7,19;-0,26;0,18;-1,29;0,28227;2,55;0,53;;;;6,72;0,32;;;;;0,0;;;94,87;3,21;16,63;valida
05/2024;2024-05-23;2;2;ENRG ATV;46384,0;56851,0;1,0;10467,0;10467,0;0,47224;4942,92;213,6;0,18;889,72;0,36683;10467,0;0,36338;3803,5;164,35;0,18;684,63;0,28227;6257,2;0,38723;-2423,0;-127,68;0,0;0,0;0,36683;6257,2;0,36338;-2273,73;-98,25;0,18;-409,27;0,28227;;;;-1103,6;;593,41;;;;;;0,0;;;3539,5;152,02;1165,08;valida
05/2024;2024-05-23;1;1;ENRG ATV;;83283,0;1,0;15047,0;15047,0;0,47224;7105,79;307,06;0,18;1279,04;0,36683;15047,0;0,36338;5467,78;236,27;0,18;984,2;0,28227;3186,0;0,36683;-1168,72;0,0;0,0;0,0;0,36683;3186,0;0,28227;-899,31;0,0;0,0;0,0;0,28227;;;;-1293,61;;712,08;;;;;;0,0;;;9924,01;543,33;2263,24;valida
05/2024;2024-05-23;4;4;ENRG ATV;12072,0;19649,0;1,0;7577,0;7577,0;0,47224;3578,15;154,62;0,18;644,06;0,36683;7577,0;0,36338;2753,31;118,97;0,18;495,59;0,28227;807,0;0,38722;-312,49;-16,46;0,0;0,0;0,36683;807,0;0,36337;-293,24;-12,67;0,18;-52,78;0,28227;;;;-1612,26;;412,08;;;;;;0,0;;;4525,55;244,46;1086,87;valida
05/2024;2024-05-22;4;13;ENRG ATV;33834,0;38759,0;1,0;4925,0;4925,0;0,47223;2325,75;100,49;0,18;418,63;0,36683;4925,0;0,36338;1789,63;77,33;0,18;322,13;0,28227;4573,0;0,38723;-1770,82;-93,31;0,0;0,0;0,36683;4573,0;0,36338;-1661,73;-71,8;0,18;-299,11;0,28227;79,97;7,88;;-1030,56;;286,17;6,4;;;;;0,0;;;32,69;12,71;441,65;valida
05/2024;2024-06-24;2;6;ENRG ATV;97368,0;3173,0;1,0;5805,0;5805,0;0,47224;2741,34;118,46;0,18;493,44;0,36683;5805,0;0,36338;2109,4;91,14;0,18;379,69;0,28227;5775,0;0,38724;-2236,29;-117,85;0,0;0,0;0,36683;5775,0;0,36338;-2098,5;-90,67;0,18;-377,73;0,28227;;;;;;343,4;;;;;;0,0;;;859,35;1,08;495,4;valida
05/2024;2024-06-24;3;10;ENRG ATV;;98222,0;1,0;17348,0;2193,5;0,47223;1035,84;44,75;0,18;186,45;0,36683;2193,5;0,36337;797,06;34,44;0,18;143,47;0,28227;900,9;0,36682;-330,47;0,0;0,0;0,0;0,36683;900,9;0,28226;-254,29;0,0;0,0;0,0;0,28227;;;;;;141,67;;;;;;0,0;;;1389,81;79,19;329,92;valida
05/2024;2024-06-24;3;3;ENRG ATV;;52175083,0;0,016;0,0;100,0;0,472;47,2;2,03;0,18;8,49;0,36683;100,0;0,363;36,3;1,55;0,18;6,53;0,28227;;;;;;;;;;;;;;;;;;;;5,39;;;;;;0,0;;;88,89;3,58;15,02;valida
05/2024;2024-06-25;7;12;ENRG ATV INJ;2554,0;2724,0;40,0;6800,0;120,0;0,472;56,64;2,44;0,18;10,19;0,36683;120,0;0,36317;43,58;1,87;0,18;7,84;0,28227;20,0;0,3865;-7,73;-0,4;0,0;0,0;0,36683;20,0;0,362;-7,24;-0,3;0,18;-1,3;0,28227;1,63;0,29;;;;6,52;0,13;;;;;0,0;;;93,82;3,61;16,73;valida
05/2024;2024-06-26;4;5;ENRG ATV INJ;;8584,0;40,0;4640,0;100,0;0,472;47,2;2,03;0,18;8,49;0,36683;100,0;0,363;36,3;1,55;0,18;6,53;0,28227;;;;;;;;;;;;;;;;;;;;6,3;;;;;;0,0;;;89,8;3,58;15,02;valida
05/2024;2024-06-26;2;7;ENRG ATV INJ;3883,0;4123,0;40,0;9600,0;100,0;0,472;47,2;2,03;0,18;8,49;0,36683;100,0;0,363;36,3;1,55;0,18;6,53;0,28227;;;;;;;;;;;;;;;2,62;0,55;;;;4,33;0,5;;;;;0,0;;;91,5;3,58;15,02;valida
05/2024;2024-06-26;6;8;ENRG ATV INJ;1,0;1,0;40,0;0,0;7320,0;0,47224;3456,78;149,37;0,18;622,22;0,36683;7320,0;0,36338;2659,93;114,94;0,18;478,78;0,28227;;;;;;;;;;;;;;;;;;;;318,35;;;;;;0,0;;;6435,06;264,31;1101,0;valida
05/2024;2024-06-26;6;11;ENRG ATV;20950,0;21397,0;1,0;447,0;447,0;0,47219;211,07;9,11;0,18;37,99;0,36683;447,0;0,36333;162,41;7,01;0,18;29,23;0,28227;;;;;;;;;;;;;;;;;;;;23,38;;;;;;0,0;;;396,86;16,12;67,22;valida
05/2024;2024-06-04;6;9;ENRG ATV;42770800,0;43126900,0;0,016;5697,6;5697,6;0,47224;2690,62;116,26;0,18;484,31;0,36683;5697,6;0,36338;2070,39;89,46;0,18;372,67;0,28227;;;;;;;;;;;;;;;;;;;;318,35;;;;;;0,0;;;5079,36;205,72;856,98;valida
